{
  "type": "FeatureCollection",
  "generator": "overpass-turbo",
  "copyright": "The data included in this document is from www.openstreetmap.org. The data is made available under ODbL.",
  "timestamp": "2026-03-21T06:47:30Z",
  "features": [
    {
      "type": "Feature",
      "properties": {
        "@id": "node/44280965",
        "is_in": "Badulla District",
        "name": "Rawana Ella Falls",
        "tourism": "attraction",
        "waterway": "waterfall"
      },
      "geometry": {
        "type": "Point",
        "coordinates": [
          81.0545278,
          6.8408548
        ]
      },
      "id": "node/44280965"
    },
    {
      "type": "Feature",
      "properties": {
        "@id": "node/247212347",
        "name": "Devon Falls",
        "tourism": "attraction"
      },
      "geometry": {
        "type": "Point",
        "coordinates": [
          80.6301127,
          6.9515033
        ]
      },
      "id": "node/247212347"
    },
    {
      "type": "Feature",
      "properties": {
        "@id": "node/567018162",
        "historic": "ruins",
        "name": "Lotus Pond",
        "tourism": "attraction"
      },
      "geometry": {
        "type": "Point",
        "coordinates": [
          81.0039995,
          7.9748478
        ]
      },
      "id": "node/567018162"
    },
    {
      "type": "Feature",
      "properties": {
        "@id": "node/598181176",
        "alt:MSL": "1905",
        "fee": "yes",
        "name": "Lipton's seat",
        "tourism": "viewpoint"
      },
      "geometry": {
        "type": "Point",
        "coordinates": [
          81.0155075,
          6.7806643
        ]
      },
      "id": "node/598181176"
    },
    {
      "type": "Feature",
      "properties": {
        "@id": "node/603033668",
        "direction": "135",
        "name": "World's End (Plate 1)",
        "tourism": "viewpoint"
      },
      "geometry": {
        "type": "Point",
        "coordinates": [
          80.7944245,
          6.780405
        ]
      },
      "id": "node/603033668"
    },
    {
      "type": "Feature",
      "properties": {
        "@id": "node/662919724",
        "name": "National Art Gallery",
        "tourism": "museum",
        "wikidata": "Q11302924",
        "wikipedia": "en:National Art Gallery, Sri Lanka"
      },
      "geometry": {
        "type": "Point",
        "coordinates": [
          79.861969,
          6.9114097
        ]
      },
      "id": "node/662919724"
    },
    {
      "type": "Feature",
      "properties": {
        "@id": "node/682747849",
        "addr:city": "Colombo",
        "addr:street": "Janadhipathi Mawatha",
        "information": "Started 1895",
        "name": "Old General Post Office Fort",
        "tourism": "museum"
      },
      "geometry": {
        "type": "Point",
        "coordinates": [
          79.8434128,
          6.9360351
        ]
      },
      "id": "node/682747849"
    },
    {
      "type": "Feature",
      "properties": {
        "@id": "node/891639918",
        "direction": "180",
        "name": "Mini World's End",
        "tourism": "viewpoint"
      },
      "geometry": {
        "type": "Point",
        "coordinates": [
          80.8003087,
          6.7853177
        ]
      },
      "id": "node/891639918"
    },
    {
      "type": "Feature",
      "properties": {
        "@id": "node/917949443",
        "name": "Hummanaya Blow Hole",
        "natural": "blowhole",
        "tourism": "attraction"
      },
      "geometry": {
        "type": "Point",
        "coordinates": [
          80.7387267,
          5.9776154
        ]
      },
      "id": "node/917949443"
    },
    {
      "type": "Feature",
      "properties": {
        "@id": "node/1523621150",
        "museum": "railway",
        "name": "Railway Museum",
        "name:pl": "Muzeum Kolejnictwa",
        "tourism": "museum"
      },
      "geometry": {
        "type": "Point",
        "coordinates": [
          79.858871,
          6.9317214
        ]
      },
      "id": "node/1523621150"
    },
    {
      "type": "Feature",
      "properties": {
        "@id": "node/1642989153",
        "name": "Point Pedro",
        "name:ca": "Cap de Sakkotei",
        "name:en": "Sakkotei Cape",
        "tourism": "viewpoint"
      },
      "geometry": {
        "type": "Point",
        "coordinates": [
          80.2121949,
          9.835611
        ]
      },
      "id": "node/1642989153"
    },
    {
      "type": "Feature",
      "properties": {
        "@id": "node/1642999046",
        "name": "Casuarina Beach",
        "tourism": "viewpoint"
      },
      "geometry": {
        "type": "Point",
        "coordinates": [
          79.8858088,
          9.7623085
        ]
      },
      "id": "node/1642999046"
    },
    {
      "type": "Feature",
      "properties": {
        "@id": "node/1661840272",
        "name": "Temple Wele pansala",
        "opening_hours": "24/7",
        "tourism": "attraction"
      },
      "geometry": {
        "type": "Point",
        "coordinates": [
          79.9946203,
          6.4463338
        ]
      },
      "id": "node/1661840272"
    },
    {
      "type": "Feature",
      "properties": {
        "@id": "node/1708405577",
        "addr:city": "Ellepola",
        "addr:street": "Ratnapura - Wellawaya Road",
        "name": "Ellepola Ella",
        "tourism": "viewpoint",
        "waterway": "waterfall"
      },
      "geometry": {
        "type": "Point",
        "coordinates": [
          80.6860466,
          6.6307993
        ]
      },
      "id": "node/1708405577"
    },
    {
      "type": "Feature",
      "properties": {
        "@id": "node/1712902149",
        "name": "Diyaluma Falls",
        "tourism": "viewpoint"
      },
      "geometry": {
        "type": "Point",
        "coordinates": [
          81.0314914,
          6.7332925
        ]
      },
      "id": "node/1712902149"
    },
    {
      "type": "Feature",
      "properties": {
        "@id": "node/1723379303",
        "name": "Kanniya Hot Water Wells",
        "natural": "hot_spring",
        "tourism": "attraction"
      },
      "geometry": {
        "type": "Point",
        "coordinates": [
          81.1713144,
          8.6044881
        ]
      },
      "id": "node/1723379303"
    },
    {
      "type": "Feature",
      "properties": {
        "@id": "node/1730307197",
        "name": "National Puppet Museum",
        "tourism": "museum"
      },
      "geometry": {
        "type": "Point",
        "coordinates": [
          79.8664848,
          6.8614077
        ]
      },
      "id": "node/1730307197"
    },
    {
      "type": "Feature",
      "properties": {
        "@id": "node/1733717482",
        "name": "Dedigama Museum",
        "tourism": "museum"
      },
      "geometry": {
        "type": "Point",
        "coordinates": [
          80.2619969,
          7.2078209
        ]
      },
      "id": "node/1733717482"
    },
    {
      "type": "Feature",
      "properties": {
        "@id": "node/1742667917",
        "direction": "135",
        "name": "World's End (Plate 2)",
        "tourism": "viewpoint"
      },
      "geometry": {
        "type": "Point",
        "coordinates": [
          80.7940585,
          6.7799838
        ]
      },
      "id": "node/1742667917"
    },
    {
      "type": "Feature",
      "properties": {
        "@id": "node/1743021610",
        "tourism": "viewpoint"
      },
      "geometry": {
        "type": "Point",
        "coordinates": [
          81.0524467,
          6.8508079
        ]
      },
      "id": "node/1743021610"
    },
    {
      "type": "Feature",
      "properties": {
        "@id": "node/1743021897",
        "name": "Sunrise viewpoint",
        "tourism": "viewpoint"
      },
      "geometry": {
        "type": "Point",
        "coordinates": [
          81.0530765,
          6.8560235
        ]
      },
      "id": "node/1743021897"
    },
    {
      "type": "Feature",
      "properties": {
        "@id": "node/1744023356",
        "addr:city": "Katharagama UP",
        "name": "Archaeological Museum",
        "tourism": "museum"
      },
      "geometry": {
        "type": "Point",
        "coordinates": [
          81.3341736,
          6.4186197
        ]
      },
      "id": "node/1744023356"
    },
    {
      "type": "Feature",
      "properties": {
        "@id": "node/1745489040",
        "historic": "monument",
        "image": "https://photos.app.goo.gl/oiiN59eP27b2jmrx7",
        "is_in": "Matara District, Southern Province, Sri Lanka.",
        "name": "Kushtarajagala Statue",
        "name:ru": "Статуя Куштараджа Гала",
        "tourism": "attraction"
      },
      "geometry": {
        "type": "Point",
        "coordinates": [
          80.4199094,
          5.9694792
        ]
      },
      "id": "node/1745489040"
    },
    {
      "type": "Feature",
      "properties": {
        "@id": "node/1841131303",
        "name": "Manal Kadu Beach",
        "tourism": "viewpoint"
      },
      "geometry": {
        "type": "Point",
        "coordinates": [
          80.2764737,
          9.7727564
        ]
      },
      "id": "node/1841131303"
    },
    {
      "type": "Feature",
      "properties": {
        "@id": "node/1880380897",
        "name": "Daha Ata Wanguwa",
        "tourism": "viewpoint"
      },
      "geometry": {
        "type": "Point",
        "coordinates": [
          80.9149753,
          7.3565682
        ]
      },
      "id": "node/1880380897"
    },
    {
      "type": "Feature",
      "properties": {
        "@id": "node/1880451615",
        "tourism": "viewpoint"
      },
      "geometry": {
        "type": "Point",
        "coordinates": [
          81.5637797,
          7.9264501
        ]
      },
      "id": "node/1880451615"
    },
    {
      "type": "Feature",
      "properties": {
        "@id": "node/1886592077",
        "name": "Ramboda Falls",
        "tourism": "viewpoint"
      },
      "geometry": {
        "type": "Point",
        "coordinates": [
          80.6990648,
          7.0558715
        ]
      },
      "id": "node/1886592077"
    },
    {
      "type": "Feature",
      "properties": {
        "@id": "node/1886599269",
        "tourism": "viewpoint"
      },
      "geometry": {
        "type": "Point",
        "coordinates": [
          80.7188409,
          7.0240159
        ]
      },
      "id": "node/1886599269"
    },
    {
      "type": "Feature",
      "properties": {
        "@id": "node/2019733740",
        "historic": "archaeological_site",
        "name": "Audience Hall",
        "tourism": "attraction"
      },
      "geometry": {
        "type": "Point",
        "coordinates": [
          80.7585222,
          7.9560209
        ]
      },
      "id": "node/2019733740"
    },
    {
      "type": "Feature",
      "properties": {
        "@id": "node/2019733748",
        "name": "Cave Inscriptions",
        "natural": "cave_entrance",
        "tourism": "attraction"
      },
      "geometry": {
        "type": "Point",
        "coordinates": [
          80.7610523,
          7.9680888
        ]
      },
      "id": "node/2019733748"
    },
    {
      "type": "Feature",
      "properties": {
        "@id": "node/2019733762",
        "name": "Cobra Hood Cave",
        "natural": "cave_entrance",
        "tourism": "attraction"
      },
      "geometry": {
        "type": "Point",
        "coordinates": [
          80.7582684,
          7.9562783
        ]
      },
      "id": "node/2019733762"
    },
    {
      "type": "Feature",
      "properties": {
        "@id": "node/2019733819",
        "historic": "archaeological_site",
        "name": "Pidurangala Vihara",
        "name:en": "Pidurangala Vihara",
        "name:ru": "Кирпичный Будда Пидурангала",
        "name:si": "පිදුරංගල විහාරය",
        "religion": "buddhist",
        "tourism": "attraction",
        "wikidata": "Q16669900",
        "wikimedia_commons": "Category:Pidurangala temple",
        "wikipedia": "en:Pidurangala Vihara"
      },
      "geometry": {
        "type": "Point",
        "coordinates": [
          80.7623997,
          7.9658517
        ]
      },
      "id": "node/2019733819"
    },
    {
      "type": "Feature",
      "properties": {
        "@id": "node/2019734191",
        "direction": "90",
        "name": "Sunrise viewpoint",
        "tourism": "viewpoint"
      },
      "geometry": {
        "type": "Point",
        "coordinates": [
          80.7623515,
          7.9666513
        ]
      },
      "id": "node/2019734191"
    },
    {
      "type": "Feature",
      "properties": {
        "@id": "node/2094460173",
        "tourism": "viewpoint"
      },
      "geometry": {
        "type": "Point",
        "coordinates": [
          79.9208199,
          6.891014
        ]
      },
      "id": "node/2094460173"
    },
    {
      "type": "Feature",
      "properties": {
        "@id": "node/2141657994",
        "name": "Thummodara Ranmudu Ella",
        "tourism": "attraction",
        "waterway": "waterfall"
      },
      "geometry": {
        "type": "Point",
        "coordinates": [
          80.1708905,
          6.8647276
        ]
      },
      "id": "node/2141657994"
    },
    {
      "type": "Feature",
      "properties": {
        "@id": "node/2141663842",
        "name": "Ella Uda Ella",
        "tourism": "attraction"
      },
      "geometry": {
        "type": "Point",
        "coordinates": [
          80.1766836,
          6.8899887
        ]
      },
      "id": "node/2141663842"
    },
    {
      "type": "Feature",
      "properties": {
        "@id": "node/2151514497",
        "name": "National Museum Ratnapura",
        "tourism": "museum",
        "wikidata": "Q11347154",
        "wikipedia": "en:National Museum of Ratnapura"
      },
      "geometry": {
        "type": "Point",
        "coordinates": [
          80.3995602,
          6.6842948
        ]
      },
      "id": "node/2151514497"
    },
    {
      "type": "Feature",
      "properties": {
        "@id": "node/2152922622",
        "name": "Wangu 10",
        "tourism": "viewpoint"
      },
      "geometry": {
        "type": "Point",
        "coordinates": [
          80.6287085,
          6.4655993
        ]
      },
      "id": "node/2152922622"
    },
    {
      "type": "Feature",
      "properties": {
        "@id": "node/2176947342",
        "name": "Hathmale Ella",
        "tourism": "viewpoint",
        "waterway": "waterfall"
      },
      "geometry": {
        "type": "Point",
        "coordinates": [
          80.5061691,
          6.3319645
        ]
      },
      "id": "node/2176947342"
    },
    {
      "type": "Feature",
      "properties": {
        "@id": "node/2213043745",
        "addr:street": "Thudugala Ella - Wellatha Rd",
        "name": "Thudugala Ella",
        "opening_hours": "24/7",
        "tourism": "attraction"
      },
      "geometry": {
        "type": "Point",
        "coordinates": [
          80.0584269,
          6.570697
        ]
      },
      "id": "node/2213043745"
    },
    {
      "type": "Feature",
      "properties": {
        "@id": "node/2339010101",
        "addr:city": "Devanagala",
        "historic": "archaeological_site",
        "name": "Devanagala Temple",
        "tourism": "viewpoint"
      },
      "geometry": {
        "type": "Point",
        "coordinates": [
          80.4688983,
          7.2202077
        ]
      },
      "id": "node/2339010101"
    },
    {
      "type": "Feature",
      "properties": {
        "@id": "node/2361172725",
        "ele": "798",
        "name": "Bible Rock",
        "name:si": "බතලේගල",
        "nat_name": "Batalegala",
        "natural": "peak",
        "tourism": "viewpoint",
        "wikidata": "Q4868555",
        "wikipedia": "en:Bible Rock"
      },
      "geometry": {
        "type": "Point",
        "coordinates": [
          80.434277,
          7.1895698
        ]
      },
      "id": "node/2361172725"
    },
    {
      "type": "Feature",
      "properties": {
        "@id": "node/2380090550",
        "description": "parrot rock",
        "name:en": "Parrot Rock",
        "name:zh": "观景台",
        "tourism": "viewpoint"
      },
      "geometry": {
        "type": "Point",
        "coordinates": [
          80.4622185,
          5.9416459
        ]
      },
      "id": "node/2380090550"
    },
    {
      "type": "Feature",
      "properties": {
        "@id": "node/2616147812",
        "name": "Kanneliya Rainforest Reserve",
        "tourism": "viewpoint"
      },
      "geometry": {
        "type": "Point",
        "coordinates": [
          80.3379577,
          6.2510037
        ]
      },
      "id": "node/2616147812"
    },
    {
      "type": "Feature",
      "properties": {
        "@id": "node/2640665069",
        "name": "Bopath Falls",
        "tourism": "attraction",
        "wikidata": "Q37738",
        "wikimedia_commons": "Category:Bopath Ella Falls",
        "wikipedia": "en:Bopath Ella Falls"
      },
      "geometry": {
        "type": "Point",
        "coordinates": [
          80.3666596,
          6.8006004
        ]
      },
      "id": "node/2640665069"
    },
    {
      "type": "Feature",
      "properties": {
        "@id": "node/2643547171",
        "image": "https://photos.app.goo.gl/DcQXXL7VNgKpwCh88",
        "tourism": "viewpoint",
        "url": "https://youtu.be/CvBb51IL9Ac"
      },
      "geometry": {
        "type": "Point",
        "coordinates": [
          80.4199146,
          5.9572389
        ]
      },
      "id": "node/2643547171"
    },
    {
      "type": "Feature",
      "properties": {
        "@id": "node/2714398529",
        "name": "Popham's Arboretum",
        "tourism": "attraction"
      },
      "geometry": {
        "type": "Point",
        "coordinates": [
          80.6758588,
          7.8608104
        ]
      },
      "id": "node/2714398529"
    },
    {
      "type": "Feature",
      "properties": {
        "@id": "node/2732074684",
        "direction": "10",
        "name": "Pidurangala Rock Viewpoint",
        "tourism": "viewpoint",
        "wheelchair": "no"
      },
      "geometry": {
        "type": "Point",
        "coordinates": [
          80.7600766,
          7.957308
        ]
      },
      "id": "node/2732074684"
    },
    {
      "type": "Feature",
      "properties": {
        "@id": "node/2788326672",
        "addr:city": "Kosgoda",
        "name": "Kosgoda Sea Turtle Conservation Project",
        "tourism": "attraction"
      },
      "geometry": {
        "type": "Point",
        "coordinates": [
          80.0318424,
          6.3274734
        ]
      },
      "id": "node/2788326672"
    },
    {
      "type": "Feature",
      "properties": {
        "@id": "node/2902167399",
        "name": "Dambadeniya Anciant Kingdom Rock",
        "tourism": "attraction"
      },
      "geometry": {
        "type": "Point",
        "coordinates": [
          80.1551696,
          7.3628689
        ]
      },
      "id": "node/2902167399"
    },
    {
      "type": "Feature",
      "properties": {
        "@id": "node/2902361316",
        "designation": "Department of Archologicle",
        "name": "Dambadeniya Museum",
        "tourism": "museum"
      },
      "geometry": {
        "type": "Point",
        "coordinates": [
          80.1513234,
          7.3639835
        ]
      },
      "id": "node/2902361316"
    },
    {
      "type": "Feature",
      "properties": {
        "@id": "node/2907674351",
        "addr:city": "Kiribathkumbura",
        "addr:country": "LK",
        "addr:street": "Colombo-Kandy Road",
        "name": "Highway Museum, Kiribathkumbura.",
        "operator": "Dept. of Railway",
        "tourism": "museum"
      },
      "geometry": {
        "type": "Point",
        "coordinates": [
          80.5725878,
          7.2672828
        ]
      },
      "id": "node/2907674351"
    },
    {
      "type": "Feature",
      "properties": {
        "@id": "node/2993920098",
        "name:en": "Secret Waterfall",
        "tourism": "attraction",
        "waterway": "waterfall"
      },
      "geometry": {
        "type": "Point",
        "coordinates": [
          81.0766197,
          6.8276089
        ]
      },
      "id": "node/2993920098"
    },
    {
      "type": "Feature",
      "properties": {
        "@id": "node/2993921062",
        "tourism": "viewpoint"
      },
      "geometry": {
        "type": "Point",
        "coordinates": [
          81.06493,
          6.863195
        ]
      },
      "id": "node/2993921062"
    },
    {
      "type": "Feature",
      "properties": {
        "@id": "node/3053343646",
        "addr:city": "Koggala",
        "name:en": "Martin Wickramasinghe Folk Museum Complex",
        "tourism": "museum"
      },
      "geometry": {
        "type": "Point",
        "coordinates": [
          80.3274941,
          5.9889841
        ]
      },
      "id": "node/3053343646"
    },
    {
      "type": "Feature",
      "properties": {
        "@id": "node/3205709398",
        "name": "Cruel elephant rides",
        "tourism": "attraction"
      },
      "geometry": {
        "type": "Point",
        "coordinates": [
          80.7575474,
          7.9518339
        ]
      },
      "id": "node/3205709398"
    },
    {
      "type": "Feature",
      "properties": {
        "@id": "node/3207221761",
        "tourism": "viewpoint"
      },
      "geometry": {
        "type": "Point",
        "coordinates": [
          80.7595179,
          7.9506245
        ]
      },
      "id": "node/3207221761"
    },
    {
      "type": "Feature",
      "properties": {
        "@id": "node/3254675194",
        "name": "Puna Ella Falls",
        "tourism": "attraction"
      },
      "geometry": {
        "type": "Point",
        "coordinates": [
          80.6956007,
          7.0470584
        ]
      },
      "id": "node/3254675194"
    },
    {
      "type": "Feature",
      "properties": {
        "@id": "node/3254826636",
        "name": "Lover's Leap Waterfall",
        "tourism": "attraction",
        "waterway": "waterfall"
      },
      "geometry": {
        "type": "Point",
        "coordinates": [
          80.7867203,
          6.9784844
        ]
      },
      "id": "node/3254826636"
    },
    {
      "type": "Feature",
      "properties": {
        "@id": "node/3276843504",
        "addr:street": "Uduwela Road",
        "name": "Ceylon Tea Museum",
        "name:pl": "Muzeum Herbaty Cejlońskiej",
        "opening_hours": "Tu-Sa 08:30-16:30; Su 08:30-15:30",
        "phone": "+94813803204",
        "tourism": "museum",
        "website": "https://www.ceylonteamuseum.com/",
        "wikidata": "Q30588328",
        "wikipedia": "en:Ceylon Tea Museum"
      },
      "geometry": {
        "type": "Point",
        "coordinates": [
          80.6326564,
          7.2686376
        ]
      },
      "id": "node/3276843504"
    },
    {
      "type": "Feature",
      "properties": {
        "@id": "node/3278487272",
        "name": "Eagle Rock",
        "note": "Eaglerock",
        "tourism": "viewpoint"
      },
      "geometry": {
        "type": "Point",
        "coordinates": [
          80.9806723,
          6.7625011
        ]
      },
      "id": "node/3278487272"
    },
    {
      "type": "Feature",
      "properties": {
        "@id": "node/3301935943",
        "name": "Dunhinda Falls",
        "tourism": "attraction",
        "waterway": "waterfall",
        "wikidata": "Q38347"
      },
      "geometry": {
        "type": "Point",
        "coordinates": [
          81.063492,
          7.0169435
        ]
      },
      "id": "node/3301935943"
    },
    {
      "type": "Feature",
      "properties": {
        "@id": "node/3307527165",
        "access": "no",
        "name:en": "Lotus Tower",
        "note": "not open to the public yet",
        "tourism": "viewpoint"
      },
      "geometry": {
        "type": "Point",
        "coordinates": [
          79.8583205,
          6.9270432
        ]
      },
      "id": "node/3307527165"
    },
    {
      "type": "Feature",
      "properties": {
        "@id": "node/3393538266",
        "addr:city": "Nuwara Eliya",
        "name": "Victoria Museum",
        "tourism": "museum"
      },
      "geometry": {
        "type": "Point",
        "coordinates": [
          80.768913,
          6.9673282
        ]
      },
      "id": "node/3393538266"
    },
    {
      "type": "Feature",
      "properties": {
        "@id": "node/3412364960",
        "amenity": "shelter",
        "name": "Kadugannawa Ambalama",
        "shelter_type": "weather_shelter",
        "tourism": "attraction"
      },
      "geometry": {
        "type": "Point",
        "coordinates": [
          80.4973119,
          7.2528577
        ]
      },
      "id": "node/3412364960"
    },
    {
      "type": "Feature",
      "properties": {
        "@id": "node/3412370558",
        "name": "Railway Museum, Kadugannawa.",
        "name:en": "National Railway Musuem",
        "name:pl": "Narodowe Muzeum Kolejnictwa",
        "tourism": "museum"
      },
      "geometry": {
        "type": "Point",
        "coordinates": [
          80.5208054,
          7.2576216
        ]
      },
      "id": "node/3412370558"
    },
    {
      "type": "Feature",
      "properties": {
        "@id": "node/3412729977",
        "amenity": "shelter",
        "name": "Kengalla Ambalama",
        "shelter_type": "weather_shelter",
        "tourism": "attraction"
      },
      "geometry": {
        "type": "Point",
        "coordinates": [
          80.721326,
          7.291799
        ]
      },
      "id": "node/3412729977"
    },
    {
      "type": "Feature",
      "properties": {
        "@id": "node/3412740593",
        "name": "Hunnasgiri Ella",
        "name:de": "Hunas Wasserfall",
        "name:en": "Hunas Falls",
        "tourism": "attraction"
      },
      "geometry": {
        "type": "Point",
        "coordinates": [
          80.6897795,
          7.4017036
        ]
      },
      "id": "node/3412740593"
    },
    {
      "type": "Feature",
      "properties": {
        "@id": "node/3492774176",
        "designation": "Chatty Beach",
        "name": "Charty Beach",
        "tourism": "viewpoint"
      },
      "geometry": {
        "type": "Point",
        "coordinates": [
          79.9198682,
          9.6331561
        ]
      },
      "id": "node/3492774176"
    },
    {
      "type": "Feature",
      "properties": {
        "@id": "node/3493298910",
        "name": "Kananke Bridge",
        "tourism": "attraction"
      },
      "geometry": {
        "type": "Point",
        "coordinates": [
          80.4082151,
          6.041543
        ]
      },
      "id": "node/3493298910"
    },
    {
      "type": "Feature",
      "properties": {
        "@id": "node/3497087123",
        "designation": "Elephant bathing place",
        "image": "https://photos.app.goo.gl/55NQo9ZdywcG4qQs5",
        "name": "Elephant bathing place",
        "tourism": "attraction",
        "url": "https://youtu.be/hirhGkd-kec"
      },
      "geometry": {
        "type": "Point",
        "coordinates": [
          80.3841891,
          7.3005836
        ]
      },
      "id": "node/3497087123"
    },
    {
      "type": "Feature",
      "properties": {
        "@id": "node/3516426597",
        "name": "Ella Spice Garden",
        "source": "visit",
        "tourism": "attraction"
      },
      "geometry": {
        "type": "Point",
        "coordinates": [
          81.0494507,
          6.8740364
        ]
      },
      "id": "node/3516426597"
    },
    {
      "type": "Feature",
      "properties": {
        "@id": "node/3517289196",
        "designation": "Bopath Ella",
        "name": "Bopath Ella",
        "tourism": "viewpoint"
      },
      "geometry": {
        "type": "Point",
        "coordinates": [
          80.3692116,
          6.8017623
        ]
      },
      "id": "node/3517289196"
    },
    {
      "type": "Feature",
      "properties": {
        "@id": "node/3563664791",
        "alt_name": "Doowili Ella Waterfall",
        "name": "Dooli Ella Waterfall",
        "name:si": "දූලි ඇල්ල",
        "tourism": "attraction",
        "waterway": "waterfall"
      },
      "geometry": {
        "type": "Point",
        "coordinates": [
          80.392724,
          6.3919677
        ]
      },
      "id": "node/3563664791"
    },
    {
      "type": "Feature",
      "properties": {
        "@id": "node/3578062111",
        "alt_name": "Makeli Ella",
        "name": "Makeliya Water Fall",
        "name:si": "මාකෙලි ඇල්ල",
        "tourism": "attraction",
        "waterway": "waterfall"
      },
      "geometry": {
        "type": "Point",
        "coordinates": [
          80.2816914,
          6.6057951
        ]
      },
      "id": "node/3578062111"
    },
    {
      "type": "Feature",
      "properties": {
        "@id": "node/3656211462",
        "tourism": "viewpoint"
      },
      "geometry": {
        "type": "Point",
        "coordinates": [
          80.2345573,
          6.0304356
        ]
      },
      "id": "node/3656211462"
    },
    {
      "type": "Feature",
      "properties": {
        "@id": "node/3657323592",
        "addr:city": "Anuradhapura",
        "addr:street": "Mihindu Mawatha",
        "alt_name": "Sacred Jaya Sri Maha Bodhi",
        "genus": "Ficus",
        "leaf_cycle": "semi_evergreen",
        "leaf_type": "broadleaved",
        "name": "Jaya Sri Maha Bodhi",
        "name:fr": "Arbre du Bouddha",
        "name:si": "ජය ශ්‍රි මහා බොධිය",
        "natural": "tree",
        "religion": "buddhist",
        "species": "Ficus religiosa",
        "tourism": "attraction",
        "wikidata": "Q944175",
        "wikipedia": "si:ශ්‍රී මහා බෝධිය, අනුරාධපුර"
      },
      "geometry": {
        "type": "Point",
        "coordinates": [
          80.3972255,
          8.3447103
        ]
      },
      "id": "node/3657323592"
    },
    {
      "type": "Feature",
      "properties": {
        "@id": "node/3726925126",
        "addr:city": "Maduwanwela",
        "alt_name": "Dooli Ella",
        "name": "Duli ella",
        "name:si": "දූලි ඇල්ල",
        "tourism": "attraction",
        "waterway": "waterfall"
      },
      "geometry": {
        "type": "Point",
        "coordinates": [
          80.7142063,
          6.4005822
        ]
      },
      "id": "node/3726925126"
    },
    {
      "type": "Feature",
      "properties": {
        "@id": "node/3749027799",
        "addr:city": "Ambalangoda",
        "addr:street": "Colombo-Galle Road",
        "name": "Ariyapala Masks Museum",
        "tourism": "museum"
      },
      "geometry": {
        "type": "Point",
        "coordinates": [
          80.0506862,
          6.2414013
        ]
      },
      "id": "node/3749027799"
    },
    {
      "type": "Feature",
      "properties": {
        "@id": "node/3778233726",
        "name": "Duwili Ella",
        "tourism": "attraction",
        "waterway": "waterfall"
      },
      "geometry": {
        "type": "Point",
        "coordinates": [
          80.4081589,
          6.4393538
        ]
      },
      "id": "node/3778233726"
    },
    {
      "type": "Feature",
      "properties": {
        "@id": "node/3819344497",
        "addr:city": "Badulla",
        "museum": "history",
        "name": "Badulla Museum",
        "tourism": "museum"
      },
      "geometry": {
        "type": "Point",
        "coordinates": [
          81.0622983,
          6.9841404
        ]
      },
      "id": "node/3819344497"
    },
    {
      "type": "Feature",
      "properties": {
        "@id": "node/3833697249",
        "name": "Bomburu Ella Waterfall",
        "tourism": "attraction",
        "wikidata": "Q38384",
        "wikimedia_commons": "Category:Bomburu Ella Falls",
        "wikipedia": "en:Bomburu Ella"
      },
      "geometry": {
        "type": "Point",
        "coordinates": [
          80.8307743,
          6.9470599
        ]
      },
      "id": "node/3833697249"
    },
    {
      "type": "Feature",
      "properties": {
        "@id": "node/3880457728",
        "name": "Bogoda Wooden Bridge",
        "name:si": "බෝගොඩ ලී පාළම",
        "start_date": "1600",
        "tourism": "viewpoint",
        "wikipedia": "en:Bogoda Wooden Bridge"
      },
      "geometry": {
        "type": "Point",
        "coordinates": [
          80.9963053,
          7.0079106
        ]
      },
      "id": "node/3880457728"
    },
    {
      "type": "Feature",
      "properties": {
        "@id": "node/3880551572",
        "name": "Sorabora Wewa",
        "tourism": "viewpoint",
        "wikidata": "Q24896741",
        "wikimedia_commons": "Category:Sorabora Wewa",
        "wikipedia": "en:Sorabora Wewa"
      },
      "geometry": {
        "type": "Point",
        "coordinates": [
          81.0058211,
          7.3614175
        ]
      },
      "id": "node/3880551572"
    },
    {
      "type": "Feature",
      "properties": {
        "@id": "node/3880552693",
        "name": "Union of two rivers",
        "tourism": "attraction"
      },
      "geometry": {
        "type": "Point",
        "coordinates": [
          80.9546795,
          6.9158121
        ]
      },
      "id": "node/3880552693"
    },
    {
      "type": "Feature",
      "properties": {
        "@id": "node/3937209528",
        "name": "Haththikuchchi Ruins",
        "tourism": "attraction"
      },
      "geometry": {
        "type": "Point",
        "coordinates": [
          80.2459605,
          8.0614923
        ]
      },
      "id": "node/3937209528"
    },
    {
      "type": "Feature",
      "properties": {
        "@id": "node/3937209676",
        "tourism": "viewpoint"
      },
      "geometry": {
        "type": "Point",
        "coordinates": [
          80.2446231,
          8.0620131
        ]
      },
      "id": "node/3937209676"
    },
    {
      "type": "Feature",
      "properties": {
        "@id": "node/3937241888",
        "tourism": "viewpoint"
      },
      "geometry": {
        "type": "Point",
        "coordinates": [
          80.5127047,
          8.3474545
        ]
      },
      "id": "node/3937241888"
    },
    {
      "type": "Feature",
      "properties": {
        "@id": "node/3937241940",
        "tourism": "viewpoint"
      },
      "geometry": {
        "type": "Point",
        "coordinates": [
          80.5156256,
          8.3492082
        ]
      },
      "id": "node/3937241940"
    },
    {
      "type": "Feature",
      "properties": {
        "@id": "node/3937244666",
        "tourism": "viewpoint"
      },
      "geometry": {
        "type": "Point",
        "coordinates": [
          80.5182863,
          8.3510663
        ]
      },
      "id": "node/3937244666"
    },
    {
      "type": "Feature",
      "properties": {
        "@id": "node/3937246988",
        "tourism": "viewpoint"
      },
      "geometry": {
        "type": "Point",
        "coordinates": [
          80.5085523,
          8.3459263
        ]
      },
      "id": "node/3937246988"
    },
    {
      "type": "Feature",
      "properties": {
        "@id": "node/3937275720",
        "direction": "190",
        "name": "Sigiriya viewpoint",
        "tourism": "viewpoint"
      },
      "geometry": {
        "type": "Point",
        "coordinates": [
          80.7618517,
          7.9656168
        ]
      },
      "id": "node/3937275720"
    },
    {
      "type": "Feature",
      "properties": {
        "@id": "node/4016318087",
        "direction": "170",
        "name": "Sigiriya Reservoir Viewpoint",
        "tourism": "viewpoint",
        "wheelchair": "no"
      },
      "geometry": {
        "type": "Point",
        "coordinates": [
          80.7597243,
          7.9560027
        ]
      },
      "id": "node/4016318087"
    },
    {
      "type": "Feature",
      "properties": {
        "@id": "node/4053989518",
        "name": "Gen. Kobbekaduwa Memorial. Arali",
        "tourism": "viewpoint"
      },
      "geometry": {
        "type": "Point",
        "coordinates": [
          79.925188,
          9.6715993
        ]
      },
      "id": "node/4053989518"
    },
    {
      "type": "Feature",
      "properties": {
        "@id": "node/4089531749",
        "addr:city": "Kandy",
        "addr:street": "Colombo-Kandy Road",
        "name": "Gem & Mineral Museum",
        "tourism": "museum"
      },
      "geometry": {
        "type": "Point",
        "coordinates": [
          80.6106024,
          7.2740748
        ]
      },
      "id": "node/4089531749"
    },
    {
      "type": "Feature",
      "properties": {
        "@id": "node/4095100590",
        "name": "Terrrorist Bulldozer",
        "tourism": "viewpoint"
      },
      "geometry": {
        "type": "Point",
        "coordinates": [
          80.4063655,
          9.5019865
        ]
      },
      "id": "node/4095100590"
    },
    {
      "type": "Feature",
      "properties": {
        "@id": "node/4095123492",
        "name": "Kondadeniya Rajamaha Viharaya",
        "tourism": "viewpoint"
      },
      "geometry": {
        "type": "Point",
        "coordinates": [
          80.3042266,
          7.8040061
        ]
      },
      "id": "node/4095123492"
    },
    {
      "type": "Feature",
      "properties": {
        "@id": "node/4096541050",
        "name": "Ancient Stone Bridge",
        "tourism": "attraction"
      },
      "geometry": {
        "type": "Point",
        "coordinates": [
          80.4058616,
          8.3985706
        ]
      },
      "id": "node/4096541050"
    },
    {
      "type": "Feature",
      "properties": {
        "@id": "node/4096616981",
        "name": "Palace of King Parakramabahu II",
        "tourism": "attraction"
      },
      "geometry": {
        "type": "Point",
        "coordinates": [
          80.1550468,
          7.3631276
        ]
      },
      "id": "node/4096616981"
    },
    {
      "type": "Feature",
      "properties": {
        "@id": "node/4107227192",
        "name": "Waterfall",
        "tourism": "attraction"
      },
      "geometry": {
        "type": "Point",
        "coordinates": [
          81.0501314,
          6.8329061
        ]
      },
      "id": "node/4107227192"
    },
    {
      "type": "Feature",
      "properties": {
        "@id": "node/4109157989",
        "name": "railway station",
        "name:en": "Maradana Railway Station",
        "tourism": "viewpoint"
      },
      "geometry": {
        "type": "Point",
        "coordinates": [
          79.8648826,
          6.9284655
        ]
      },
      "id": "node/4109157989"
    },
    {
      "type": "Feature",
      "properties": {
        "@id": "node/4112028263",
        "name": "Riverston",
        "tourism": "viewpoint"
      },
      "geometry": {
        "type": "Point",
        "coordinates": [
          80.7338588,
          7.5245225
        ]
      },
      "id": "node/4112028263"
    },
    {
      "type": "Feature",
      "properties": {
        "@id": "node/4122622298",
        "name": "'Soda Bottle' Curve",
        "tourism": "viewpoint"
      },
      "geometry": {
        "type": "Point",
        "coordinates": [
          80.6604328,
          6.9598313
        ]
      },
      "id": "node/4122622298"
    },
    {
      "type": "Feature",
      "properties": {
        "@id": "node/4122645228",
        "attraction": "railway",
        "name": "Demodara Railway Spiral",
        "tourism": "attraction"
      },
      "geometry": {
        "type": "Point",
        "coordinates": [
          81.061171,
          6.9023894
        ]
      },
      "id": "node/4122645228"
    },
    {
      "type": "Feature",
      "properties": {
        "@id": "node/4122652880",
        "name": "Rozella 'Double Curve'",
        "tourism": "viewpoint"
      },
      "geometry": {
        "type": "Point",
        "coordinates": [
          80.5554459,
          6.9356302
        ]
      },
      "id": "node/4122652880"
    },
    {
      "type": "Feature",
      "properties": {
        "@id": "node/4129821991",
        "name": "Kavisanan complex ",
        "tourism": "viewpoint"
      },
      "geometry": {
        "type": "Point",
        "coordinates": [
          80.4841019,
          8.7632016
        ]
      },
      "id": "node/4129821991"
    },
    {
      "type": "Feature",
      "properties": {
        "@id": "node/4129846589",
        "name": "Jathusana Home ",
        "tourism": "viewpoint"
      },
      "geometry": {
        "type": "Point",
        "coordinates": [
          80.4679096,
          8.7639679
        ]
      },
      "id": "node/4129846589"
    },
    {
      "type": "Feature",
      "properties": {
        "@id": "node/4145854773",
        "name": "Budugala Ruins",
        "tourism": "attraction"
      },
      "geometry": {
        "type": "Point",
        "coordinates": [
          80.875522,
          6.6332233
        ]
      },
      "id": "node/4145854773"
    },
    {
      "type": "Feature",
      "properties": {
        "@id": "node/4145856782",
        "name": "Kuragala Ruins",
        "tourism": "attraction"
      },
      "geometry": {
        "type": "Point",
        "coordinates": [
          80.8692218,
          6.6237482
        ]
      },
      "id": "node/4145856782"
    },
    {
      "type": "Feature",
      "properties": {
        "@id": "node/4145874147",
        "name": "Kuragala Ancient Buddhist Monastry",
        "tourism": "attraction"
      },
      "geometry": {
        "type": "Point",
        "coordinates": [
          80.8649816,
          6.6281037
        ]
      },
      "id": "node/4145874147"
    },
    {
      "type": "Feature",
      "properties": {
        "@id": "node/4145874148",
        "name": "Galtemyaya Ruins",
        "tourism": "attraction"
      },
      "geometry": {
        "type": "Point",
        "coordinates": [
          80.8625859,
          6.6347703
        ]
      },
      "id": "node/4145874148"
    },
    {
      "type": "Feature",
      "properties": {
        "@id": "node/4145907903",
        "name": "Kalthota Doowili Ella (Water fall)",
        "tourism": "attraction"
      },
      "geometry": {
        "type": "Point",
        "coordinates": [
          80.8657403,
          6.6625117
        ]
      },
      "id": "node/4145907903"
    },
    {
      "type": "Feature",
      "properties": {
        "@id": "node/4145909761",
        "name": "Kalthota Doowili Ella 2 (Water Fall)",
        "tourism": "attraction"
      },
      "geometry": {
        "type": "Point",
        "coordinates": [
          80.8655644,
          6.6634939
        ]
      },
      "id": "node/4145909761"
    },
    {
      "type": "Feature",
      "properties": {
        "@id": "node/4146042097",
        "name": "Hulan Ella (Walawe Ganga West Falls)",
        "tourism": "attraction"
      },
      "geometry": {
        "type": "Point",
        "coordinates": [
          80.8283787,
          6.6740663
        ]
      },
      "id": "node/4146042097"
    },
    {
      "type": "Feature",
      "properties": {
        "@id": "node/4146156122",
        "name": "Rajagala Ancient Temple & Ruins",
        "tourism": "attraction"
      },
      "geometry": {
        "type": "Point",
        "coordinates": [
          81.6159773,
          7.4915221
        ]
      },
      "id": "node/4146156122"
    },
    {
      "type": "Feature",
      "properties": {
        "@id": "node/4157023134",
        "addr:city": "Kandy",
        "addr:street": "Rajapihilla Mawatha",
        "name": "Arthur’s Seat",
        "tourism": "viewpoint",
        "wheelchair": "yes"
      },
      "geometry": {
        "type": "Point",
        "coordinates": [
          80.6399363,
          7.2890117
        ]
      },
      "id": "node/4157023134"
    },
    {
      "type": "Feature",
      "properties": {
        "@id": "node/4248201259",
        "name": "Ravana's Cut",
        "tourism": "viewpoint"
      },
      "geometry": {
        "type": "Point",
        "coordinates": [
          81.245422,
          8.5819557
        ]
      },
      "id": "node/4248201259"
    },
    {
      "type": "Feature",
      "properties": {
        "@id": "node/4248201260",
        "name": "Lover's Leap",
        "tourism": "viewpoint"
      },
      "geometry": {
        "type": "Point",
        "coordinates": [
          81.2455805,
          8.5830009
        ]
      },
      "id": "node/4248201260"
    },
    {
      "type": "Feature",
      "properties": {
        "@id": "node/4289829989",
        "name": "Mannar Dutch Fort",
        "name:en": "Mannar Dutch Fort",
        "opening_hours": "24/7",
        "tourism": "attraction"
      },
      "geometry": {
        "type": "Point",
        "coordinates": [
          79.9170635,
          8.9758832
        ]
      },
      "id": "node/4289829989"
    },
    {
      "type": "Feature",
      "properties": {
        "@id": "node/4291022892",
        "name": "Mukzith Lake View Point",
        "tourism": "viewpoint"
      },
      "geometry": {
        "type": "Point",
        "coordinates": [
          81.7256778,
          7.2460409
        ]
      },
      "id": "node/4291022892"
    },
    {
      "type": "Feature",
      "properties": {
        "@id": "node/4304782810",
        "addr:city": "Kotahena",
        "addr:street": "St Benadicts Street",
        "amenity": "place_of_worship",
        "building": "church",
        "denomination": "roman_catholic",
        "historic": "yes",
        "name": "St. Lucia Church",
        "name:pl": "Katedra Świętej Łucji",
        "religion": "christian",
        "tourism": "attraction",
        "wikidata": "Q4426067",
        "wikimedia_commons": "Category:St. Lucia's Cathedral",
        "wikipedia": "en:St. Lucia's Cathedral"
      },
      "geometry": {
        "type": "Point",
        "coordinates": [
          79.8645241,
          6.9481148
        ]
      },
      "id": "node/4304782810"
    },
    {
      "type": "Feature",
      "properties": {
        "@id": "node/4335384893",
        "name": "Marawila beach",
        "tourism": "attraction"
      },
      "geometry": {
        "type": "Point",
        "coordinates": [
          79.8167273,
          7.4112037
        ]
      },
      "id": "node/4335384893"
    },
    {
      "type": "Feature",
      "properties": {
        "@id": "node/4342403191",
        "name": "Bogahagoda",
        "tourism": "viewpoint"
      },
      "geometry": {
        "type": "Point",
        "coordinates": [
          80.3044583,
          6.0376032
        ]
      },
      "id": "node/4342403191"
    },
    {
      "type": "Feature",
      "properties": {
        "@id": "node/4354445603",
        "addr:city": "Colombo",
        "addr:street": "Prince Street",
        "email": "dutchmuseum@sltnet.lk",
        "name": "Dutch Colonial Museum",
        "name:pl": "Muzeum Kolonializmu Holenderskiego",
        "note": "temporarily closed, renovation works",
        "opening_hours": "Tu-Sa 09:00-17:00",
        "phone": "0112448466",
        "tourism": "museum"
      },
      "geometry": {
        "type": "Point",
        "coordinates": [
          79.8516492,
          6.9360639
        ]
      },
      "id": "node/4354445603"
    },
    {
      "type": "Feature",
      "properties": {
        "@id": "node/4358591689",
        "name": "Victoria Dam Observation Center",
        "name:en": "Victoria Dam Observation Center",
        "opening_hours": "Mo-Fr 09:00-16:00",
        "tourism": "attraction"
      },
      "geometry": {
        "type": "Point",
        "coordinates": [
          80.7880494,
          7.2419686
        ]
      },
      "id": "node/4358591689"
    },
    {
      "type": "Feature",
      "properties": {
        "@id": "node/4361198389",
        "tourism": "attraction"
      },
      "geometry": {
        "type": "Point",
        "coordinates": [
          80.353275,
          5.976616
        ]
      },
      "id": "node/4361198389"
    },
    {
      "type": "Feature",
      "properties": {
        "@id": "node/4365606089",
        "name": "Thuruwila purana Raja maha Viharaya",
        "tourism": "museum"
      },
      "geometry": {
        "type": "Point",
        "coordinates": [
          80.4361311,
          8.2280617
        ]
      },
      "id": "node/4365606089"
    },
    {
      "type": "Feature",
      "properties": {
        "@id": "node/4397313911",
        "name": "Riverston",
        "tourism": "attraction"
      },
      "geometry": {
        "type": "Point",
        "coordinates": [
          80.7330583,
          7.5303944
        ]
      },
      "id": "node/4397313911"
    },
    {
      "type": "Feature",
      "properties": {
        "@id": "node/4402350579",
        "name": "Nalangana Falls",
        "tourism": "viewpoint"
      },
      "geometry": {
        "type": "Point",
        "coordinates": [
          80.3868688,
          7.1002359
        ]
      },
      "id": "node/4402350579"
    },
    {
      "type": "Feature",
      "properties": {
        "@id": "node/4407902422",
        "name": "Gal Palama",
        "tourism": "attraction"
      },
      "geometry": {
        "type": "Point",
        "coordinates": [
          80.4058578,
          8.3985821
        ]
      },
      "id": "node/4407902422"
    },
    {
      "type": "Feature",
      "properties": {
        "@id": "node/4437193978",
        "tourism": "viewpoint"
      },
      "geometry": {
        "type": "Point",
        "coordinates": [
          80.3836015,
          5.9647634
        ]
      },
      "id": "node/4437193978"
    },
    {
      "type": "Feature",
      "properties": {
        "@id": "node/4440038982",
        "name": "Kadiyallana Falls",
        "tourism": "attraction"
      },
      "geometry": {
        "type": "Point",
        "coordinates": [
          80.5869842,
          7.0119444
        ]
      },
      "id": "node/4440038982"
    },
    {
      "type": "Feature",
      "properties": {
        "@id": "node/4440485990",
        "addr:housenumber": "67/5",
        "addr:postcode": "11640",
        "addr:street": "Dewale Road",
        "email": "mathisha2009@hotmail.com",
        "name:en": "Travel with mathisha",
        "name:ru": "путешествовать с Матиша",
        "phone": "0771253686",
        "tourism": "attraction",
        "website": "http://mylanka.ru"
      },
      "geometry": {
        "type": "Point",
        "coordinates": [
          79.9462551,
          6.9776945
        ]
      },
      "id": "node/4440485990"
    },
    {
      "type": "Feature",
      "properties": {
        "@id": "node/4459218097",
        "name": "Blue Fields Tea Factory",
        "tourism": "attraction"
      },
      "geometry": {
        "type": "Point",
        "coordinates": [
          80.6964776,
          7.0453761
        ]
      },
      "id": "node/4459218097"
    },
    {
      "type": "Feature",
      "properties": {
        "@id": "node/4459252090",
        "level": "1",
        "name": "Kothmale Panorama",
        "tourism": "viewpoint"
      },
      "geometry": {
        "type": "Point",
        "coordinates": [
          80.6956009,
          7.0569144
        ]
      },
      "id": "node/4459252090"
    },
    {
      "type": "Feature",
      "properties": {
        "@id": "node/4462730689",
        "name:en": "M A N D U R",
        "tourism": "attraction"
      },
      "geometry": {
        "type": "Point",
        "coordinates": [
          81.7650885,
          7.4837759
        ]
      },
      "id": "node/4462730689"
    },
    {
      "type": "Feature",
      "properties": {
        "@id": "node/4463369590",
        "name": "Luckgrove Spice Garden",
        "tourism": "attraction"
      },
      "geometry": {
        "type": "Point",
        "coordinates": [
          80.6261935,
          7.528939
        ]
      },
      "id": "node/4463369590"
    },
    {
      "type": "Feature",
      "properties": {
        "@id": "node/4464545591",
        "tourism": "attraction"
      },
      "geometry": {
        "type": "Point",
        "coordinates": [
          81.6822189,
          7.7611522
        ]
      },
      "id": "node/4464545591"
    },
    {
      "type": "Feature",
      "properties": {
        "@id": "node/4464567789",
        "tourism": "attraction"
      },
      "geometry": {
        "type": "Point",
        "coordinates": [
          81.6781114,
          7.7546139
        ]
      },
      "id": "node/4464567789"
    },
    {
      "type": "Feature",
      "properties": {
        "@id": "node/4464567989",
        "tourism": "attraction"
      },
      "geometry": {
        "type": "Point",
        "coordinates": [
          81.6796364,
          7.7573454
        ]
      },
      "id": "node/4464567989"
    },
    {
      "type": "Feature",
      "properties": {
        "@id": "node/4465975780",
        "name": "Kothmale Hanging Bridge",
        "tourism": "viewpoint"
      },
      "geometry": {
        "type": "Point",
        "coordinates": [
          80.5870478,
          7.0639133
        ]
      },
      "id": "node/4465975780"
    },
    {
      "type": "Feature",
      "properties": {
        "@id": "node/4465993050",
        "addr:city": "Kothmale",
        "addr:street": "Ulapane-Pussellawa Road",
        "name": "Kothmale Reservoir Observation Point",
        "tourism": "viewpoint"
      },
      "geometry": {
        "type": "Point",
        "coordinates": [
          80.6002325,
          7.0638951
        ]
      },
      "id": "node/4465993050"
    },
    {
      "type": "Feature",
      "properties": {
        "@id": "node/4470675790",
        "name:en": "Palugamam",
        "tourism": "attraction"
      },
      "geometry": {
        "type": "Point",
        "coordinates": [
          81.7615336,
          7.5467199
        ]
      },
      "id": "node/4470675790"
    },
    {
      "type": "Feature",
      "properties": {
        "@id": "node/4470686789",
        "name:en": "Porativu",
        "tourism": "attraction"
      },
      "geometry": {
        "type": "Point",
        "coordinates": [
          81.7590597,
          7.5259599
        ]
      },
      "id": "node/4470686789"
    },
    {
      "type": "Feature",
      "properties": {
        "@id": "node/4470686790",
        "name:en": "Kaluthawalai",
        "tourism": "attraction"
      },
      "geometry": {
        "type": "Point",
        "coordinates": [
          81.78774,
          7.5386517
        ]
      },
      "id": "node/4470686790"
    },
    {
      "type": "Feature",
      "properties": {
        "@id": "node/4472247508",
        "addr:city": "Rattota",
        "addr:street": "Matale-Illukkumbura-Pallegama-Girandurukotte Road",
        "name": "Bambarakiri Ella",
        "tourism": "viewpoint"
      },
      "geometry": {
        "type": "Point",
        "coordinates": [
          80.6990816,
          7.4955285
        ]
      },
      "id": "node/4472247508"
    },
    {
      "type": "Feature",
      "properties": {
        "@id": "node/4472284387",
        "information": "Kaluganga Reservoir Project - Updated 25 Wed. Dec -2019",
        "name": "Pallegama Old Village",
        "tourism": "viewpoint"
      },
      "geometry": {
        "type": "Point",
        "coordinates": [
          80.8221257,
          7.5462573
        ]
      },
      "id": "node/4472284387"
    },
    {
      "type": "Feature",
      "properties": {
        "@id": "node/4481226349",
        "name": "Hotel Ella Mount Heaven Viewpoint",
        "tourism": "viewpoint"
      },
      "geometry": {
        "type": "Point",
        "coordinates": [
          81.058553,
          6.8568623
        ]
      },
      "id": "node/4481226349"
    },
    {
      "type": "Feature",
      "properties": {
        "@id": "node/4496380791",
        "name:en": "Weheragala National Park Entrance",
        "opening_hours": "Mo-Su 06:00-18:00",
        "tourism": "attraction"
      },
      "geometry": {
        "type": "Point",
        "coordinates": [
          81.3040448,
          6.5405682
        ]
      },
      "id": "node/4496380791"
    },
    {
      "type": "Feature",
      "properties": {
        "@id": "node/4496380792",
        "name:en": "Lulugamvehera National Park",
        "opening_hours": "Mo-Su 06:00-18:00",
        "tourism": "attraction"
      },
      "geometry": {
        "type": "Point",
        "coordinates": [
          81.2780426,
          6.5351516
        ]
      },
      "id": "node/4496380792"
    },
    {
      "type": "Feature",
      "properties": {
        "@id": "node/4496392090",
        "name:en": "Luluganverhera National Park ticket office",
        "tourism": "attraction"
      },
      "geometry": {
        "type": "Point",
        "coordinates": [
          81.3051958,
          6.5401567
        ]
      },
      "id": "node/4496392090"
    },
    {
      "type": "Feature",
      "properties": {
        "@id": "node/4501771825",
        "addr:city": "Nuwara Eliya",
        "addr:street": "Moon Plains Road",
        "name": "Moon Plains",
        "tourism": "viewpoint"
      },
      "geometry": {
        "type": "Point",
        "coordinates": [
          80.820152,
          6.9430772
        ]
      },
      "id": "node/4501771825"
    },
    {
      "type": "Feature",
      "properties": {
        "@id": "node/4502013947",
        "addr:city": "Pelmadulla",
        "name": "Kirindi Ella Waterfall Pelmadulla",
        "tourism": "attraction"
      },
      "geometry": {
        "type": "Point",
        "coordinates": [
          80.5646175,
          6.6422499
        ]
      },
      "id": "node/4502013947"
    },
    {
      "type": "Feature",
      "properties": {
        "@id": "node/4511724347",
        "name": "Mayakkai Well",
        "tourism": "viewpoint"
      },
      "geometry": {
        "type": "Point",
        "coordinates": [
          80.2166694,
          9.8143717
        ]
      },
      "id": "node/4511724347"
    },
    {
      "type": "Feature",
      "properties": {
        "@id": "node/4511724378",
        "name": "Mayakkai Cave",
        "tourism": "viewpoint"
      },
      "geometry": {
        "type": "Point",
        "coordinates": [
          80.2157173,
          9.8121018
        ]
      },
      "id": "node/4511724378"
    },
    {
      "type": "Feature",
      "properties": {
        "@id": "node/4512854289",
        "name:en": "Sinharaja National Park",
        "opening_hours": "Mo-Su 06:00-18:00",
        "tourism": "attraction"
      },
      "geometry": {
        "type": "Point",
        "coordinates": [
          80.4159544,
          6.4280468
        ]
      },
      "id": "node/4512854289"
    },
    {
      "type": "Feature",
      "properties": {
        "@id": "node/4512854290",
        "name:en": "Giant Nawada tree",
        "tourism": "attraction"
      },
      "geometry": {
        "type": "Point",
        "coordinates": [
          80.4160946,
          6.4202246
        ]
      },
      "id": "node/4512854290"
    },
    {
      "type": "Feature",
      "properties": {
        "@id": "node/4518860265",
        "name": "Kantharodai Archeolgical Site",
        "tourism": "viewpoint"
      },
      "geometry": {
        "type": "Point",
        "coordinates": [
          80.0066385,
          9.7468646
        ]
      },
      "id": "node/4518860265"
    },
    {
      "type": "Feature",
      "properties": {
        "@id": "node/4522822590",
        "name:en": "Q1",
        "tourism": "viewpoint"
      },
      "geometry": {
        "type": "Point",
        "coordinates": [
          81.6758812,
          7.2963596
        ]
      },
      "id": "node/4522822590"
    },
    {
      "type": "Feature",
      "properties": {
        "@id": "node/4550335089",
        "name": "Hikkaduwa Coral Reaf",
        "name:ru": "Хиккадува, коралловый риф",
        "tourism": "attraction"
      },
      "geometry": {
        "type": "Point",
        "coordinates": [
          80.0995487,
          6.1349229
        ]
      },
      "id": "node/4550335089"
    },
    {
      "type": "Feature",
      "properties": {
        "@id": "node/4550540793",
        "name:en": "legale",
        "tourism": "attraction"
      },
      "geometry": {
        "type": "Point",
        "coordinates": [
          80.3769608,
          7.2538462
        ]
      },
      "id": "node/4550540793"
    },
    {
      "type": "Feature",
      "properties": {
        "@id": "node/4555635889",
        "name:en": "Prabhawa Mountain day View Point Haputale",
        "tourism": "viewpoint"
      },
      "geometry": {
        "type": "Point",
        "coordinates": [
          80.9684626,
          6.774327
        ]
      },
      "id": "node/4555635889"
    },
    {
      "type": "Feature",
      "properties": {
        "@id": "node/4556165692",
        "name:en": "Wijala beach",
        "tourism": "attraction"
      },
      "geometry": {
        "type": "Point",
        "coordinates": [
          80.2636381,
          5.9996808
        ]
      },
      "id": "node/4556165692"
    },
    {
      "type": "Feature",
      "properties": {
        "@id": "node/4556181993",
        "name:en": "Turtle sanctuary",
        "name:ru": "Черепашья ферма",
        "tourism": "attraction"
      },
      "geometry": {
        "type": "Point",
        "coordinates": [
          80.0884684,
          6.1671685
        ]
      },
      "id": "node/4556181993"
    },
    {
      "type": "Feature",
      "properties": {
        "@id": "node/4566489017",
        "name": "Galboda Falls",
        "tourism": "attraction"
      },
      "geometry": {
        "type": "Point",
        "coordinates": [
          80.5428804,
          6.9754081
        ]
      },
      "id": "node/4566489017"
    },
    {
      "type": "Feature",
      "properties": {
        "@id": "node/4584003089",
        "name:de": "Single Tree Hill",
        "name:en": "Single Tree Hill",
        "tourism": "viewpoint"
      },
      "geometry": {
        "type": "Point",
        "coordinates": [
          80.7626508,
          6.9580205
        ]
      },
      "id": "node/4584003089"
    },
    {
      "type": "Feature",
      "properties": {
        "@id": "node/4586724489",
        "name:en": "Spice Garden #50",
        "tourism": "attraction"
      },
      "geometry": {
        "type": "Point",
        "coordinates": [
          80.6274322,
          7.583191
        ]
      },
      "id": "node/4586724489"
    },
    {
      "type": "Feature",
      "properties": {
        "@id": "node/4586724590",
        "name": "Glenloch Tea Plantation",
        "tourism": "attraction"
      },
      "geometry": {
        "type": "Point",
        "coordinates": [
          80.6759844,
          7.0771149
        ]
      },
      "id": "node/4586724590"
    },
    {
      "type": "Feature",
      "properties": {
        "@id": "node/4590065990",
        "name": "Udawalawa Fisheries Bungalow",
        "tourism": "attraction"
      },
      "geometry": {
        "type": "Point",
        "coordinates": [
          80.8264548,
          6.4097927
        ]
      },
      "id": "node/4590065990"
    },
    {
      "type": "Feature",
      "properties": {
        "@id": "node/4611088990",
        "name:en": "St. Clair Viewing Gallery",
        "tourism": "viewpoint"
      },
      "geometry": {
        "type": "Point",
        "coordinates": [
          80.6455562,
          6.9475097
        ]
      },
      "id": "node/4611088990"
    },
    {
      "type": "Feature",
      "properties": {
        "@id": "node/4611088991",
        "name:en": "Devon Falls Viewpoint #1",
        "tourism": "viewpoint"
      },
      "geometry": {
        "type": "Point",
        "coordinates": [
          80.6360182,
          6.9517583
        ]
      },
      "id": "node/4611088991"
    },
    {
      "type": "Feature",
      "properties": {
        "@id": "node/4611099090",
        "name": "Mini World's End",
        "tourism": "viewpoint"
      },
      "geometry": {
        "type": "Point",
        "coordinates": [
          81.1591676,
          7.1101824
        ]
      },
      "id": "node/4611099090"
    },
    {
      "type": "Feature",
      "properties": {
        "@id": "node/4611128989",
        "name:en": "Devon Fall Viewpoint #2",
        "tourism": "viewpoint"
      },
      "geometry": {
        "type": "Point",
        "coordinates": [
          80.6331628,
          6.9491329
        ]
      },
      "id": "node/4611128989"
    },
    {
      "type": "Feature",
      "properties": {
        "@id": "node/4611280292",
        "name:en": "Castlereagh Reservoir viewpoint",
        "tourism": "viewpoint"
      },
      "geometry": {
        "type": "Point",
        "coordinates": [
          80.597307,
          6.8497798
        ]
      },
      "id": "node/4611280292"
    },
    {
      "type": "Feature",
      "properties": {
        "@id": "node/4611290891",
        "name:en": "Castlereagh Reservoir viewpoint",
        "tourism": "viewpoint"
      },
      "geometry": {
        "type": "Point",
        "coordinates": [
          80.6017449,
          6.8462619
        ]
      },
      "id": "node/4611290891"
    },
    {
      "type": "Feature",
      "properties": {
        "@id": "node/4620115989",
        "name:en": "Tea factory Hill garden",
        "tourism": "attraction"
      },
      "geometry": {
        "type": "Point",
        "coordinates": [
          80.2204598,
          6.1556042
        ]
      },
      "id": "node/4620115989"
    },
    {
      "type": "Feature",
      "properties": {
        "@id": "node/4621586590",
        "name:en": "Tea shop-factory",
        "tourism": "attraction"
      },
      "geometry": {
        "type": "Point",
        "coordinates": [
          80.3242,
          6.1950683
        ]
      },
      "id": "node/4621586590"
    },
    {
      "type": "Feature",
      "properties": {
        "@id": "node/4623148028",
        "name": "Dutch Fort Elephantpass Ruins",
        "tourism": "viewpoint"
      },
      "geometry": {
        "type": "Point",
        "coordinates": [
          80.4085374,
          9.5234785
        ]
      },
      "id": "node/4623148028"
    },
    {
      "type": "Feature",
      "properties": {
        "@id": "node/4623161206",
        "name": "Dutch Fort Beschutter Ruins",
        "tourism": "viewpoint"
      },
      "geometry": {
        "type": "Point",
        "coordinates": [
          80.4154064,
          9.5609346
        ]
      },
      "id": "node/4623161206"
    },
    {
      "type": "Feature",
      "properties": {
        "@id": "node/4664842694",
        "description": "Turtle view point",
        "description:ru": "Наблюдение за черепахами прямо в океане",
        "name:en": "Turtle Beach",
        "name:ru": "Пляж с дикими черепахами. приходят с рассветом и уходят с закатом",
        "name:uk": "Спостереження за морськими черепахами",
        "opening_hours": "24/7",
        "tourism": "viewpoint"
      },
      "geometry": {
        "type": "Point",
        "coordinates": [
          80.0998856,
          6.1317035
        ]
      },
      "id": "node/4664842694"
    },
    {
      "type": "Feature",
      "properties": {
        "@id": "node/4675292992",
        "name:en": "Radella Tea Factory",
        "tourism": "attraction"
      },
      "geometry": {
        "type": "Point",
        "coordinates": [
          80.7207251,
          6.9285311
        ]
      },
      "id": "node/4675292992"
    },
    {
      "type": "Feature",
      "properties": {
        "@id": "node/4675370791",
        "name:en": "Edinburgh Tea Processing Center",
        "tourism": "attraction"
      },
      "geometry": {
        "type": "Point",
        "coordinates": [
          80.7463278,
          6.9411217
        ]
      },
      "id": "node/4675370791"
    },
    {
      "type": "Feature",
      "properties": {
        "@id": "node/4675430289",
        "name:en": "Waterfall",
        "tourism": "attraction"
      },
      "geometry": {
        "type": "Point",
        "coordinates": [
          80.7387603,
          6.9450388
        ]
      },
      "id": "node/4675430289"
    },
    {
      "type": "Feature",
      "properties": {
        "@id": "node/4681359813",
        "contact:email": "induruwaseaturtles13@gmail.com",
        "contact:phone": "+94716465996",
        "contact:website": "http://www.srilankaseaturtles.com",
        "name": "Induruwa sea turtle farm",
        "tourism": "attraction"
      },
      "geometry": {
        "type": "Point",
        "coordinates": [
          80.0108163,
          6.3730312
        ]
      },
      "id": "node/4681359813"
    },
    {
      "type": "Feature",
      "properties": {
        "@id": "node/4683162589",
        "name:en": "Sigiriya and Pidurangala rocks view point",
        "name:es": "Vista panorámica de Sigiriya rock y de Pidurangala",
        "tourism": "viewpoint"
      },
      "geometry": {
        "type": "Point",
        "coordinates": [
          80.7580508,
          7.9680532
        ]
      },
      "id": "node/4683162589"
    },
    {
      "type": "Feature",
      "properties": {
        "@id": "node/4683733160",
        "description": "Viewpoint plus cold drinks",
        "name": "Nine Arch Bridge Viewpoint",
        "tourism": "viewpoint"
      },
      "geometry": {
        "type": "Point",
        "coordinates": [
          81.0627926,
          6.8768254
        ]
      },
      "id": "node/4683733160"
    },
    {
      "type": "Feature",
      "properties": {
        "@id": "node/4693137589",
        "name:en": "Jeffry bawa's garden",
        "tourism": "attraction"
      },
      "geometry": {
        "type": "Point",
        "coordinates": [
          80.0216523,
          6.4047562
        ]
      },
      "id": "node/4693137589"
    },
    {
      "type": "Feature",
      "properties": {
        "@id": "node/4699139209",
        "name:en": "Rock Pool",
        "tourism": "attraction"
      },
      "geometry": {
        "type": "Point",
        "coordinates": [
          80.8625726,
          6.0432445
        ]
      },
      "id": "node/4699139209"
    },
    {
      "type": "Feature",
      "properties": {
        "@id": "node/4719045981",
        "name:en": "Upper Rawana",
        "tourism": "attraction",
        "waterway": "waterfall",
        "wheelchair": "no"
      },
      "geometry": {
        "type": "Point",
        "coordinates": [
          81.0520032,
          6.8372322
        ]
      },
      "id": "node/4719045981"
    },
    {
      "type": "Feature",
      "properties": {
        "@id": "node/4723787590",
        "name:en": "Baobab Tree",
        "name:fr": "Baobab",
        "tourism": "attraction"
      },
      "geometry": {
        "type": "Point",
        "coordinates": [
          79.9233614,
          8.981667
        ]
      },
      "id": "node/4723787590"
    },
    {
      "type": "Feature",
      "properties": {
        "@id": "node/4726751890",
        "addr:street": "Madatugama-Pubbogama-Andiyagala Road",
        "name": "Jathika Namal Uyana",
        "tourism": "attraction"
      },
      "geometry": {
        "type": "Point",
        "coordinates": [
          80.5787538,
          7.9148217
        ]
      },
      "id": "node/4726751890"
    },
    {
      "type": "Feature",
      "properties": {
        "@id": "node/4731608022",
        "name:en": "Bhodhirukkarama Rajamaha Viharasthanaya Gamhatha",
        "tourism": "attraction"
      },
      "geometry": {
        "type": "Point",
        "coordinates": [
          80.5625423,
          7.2007914
        ]
      },
      "id": "node/4731608022"
    },
    {
      "type": "Feature",
      "properties": {
        "@id": "node/4732044624",
        "email": "info@gamefishingasia.com",
        "name:en": "Fishing at Bolgoda Lake",
        "opening_hours": "Mo-Su 09:00-18:00",
        "phone": "777637107",
        "tourism": "attraction",
        "website": "https://www.gamefishingasia.com/"
      },
      "geometry": {
        "type": "Point",
        "coordinates": [
          79.9219593,
          6.7543681
        ]
      },
      "id": "node/4732044624"
    },
    {
      "type": "Feature",
      "properties": {
        "@id": "node/4736486323",
        "name": "Blowhole",
        "tourism": "viewpoint"
      },
      "geometry": {
        "type": "Point",
        "coordinates": [
          80.2424645,
          6.0066746
        ]
      },
      "id": "node/4736486323"
    },
    {
      "type": "Feature",
      "properties": {
        "@id": "node/4747247123",
        "name:en": "Silmiyapura",
        "tourism": "viewpoint"
      },
      "geometry": {
        "type": "Point",
        "coordinates": [
          80.8358978,
          6.9161534
        ]
      },
      "id": "node/4747247123"
    },
    {
      "type": "Feature",
      "properties": {
        "@id": "node/4750431422",
        "name": "Haputale Forest Reserve Trailhead",
        "tourism": "attraction"
      },
      "geometry": {
        "type": "Point",
        "coordinates": [
          80.9616022,
          6.7703136
        ]
      },
      "id": "node/4750431422"
    },
    {
      "type": "Feature",
      "properties": {
        "@id": "node/4762126522",
        "tourism": "attraction"
      },
      "geometry": {
        "type": "Point",
        "coordinates": [
          80.2039439,
          8.8560313
        ]
      },
      "id": "node/4762126522"
    },
    {
      "type": "Feature",
      "properties": {
        "@id": "node/4794762722",
        "name": "Godavaya wildlife sanctuary viewpoint",
        "tourism": "viewpoint"
      },
      "geometry": {
        "type": "Point",
        "coordinates": [
          81.05071,
          6.1067418
        ]
      },
      "id": "node/4794762722"
    },
    {
      "type": "Feature",
      "properties": {
        "@id": "node/4794908615",
        "addr:street": "Bulathkohupitiya-Dedugala Road",
        "name": "Rukmal Ella Waterfall",
        "tourism": "viewpoint"
      },
      "geometry": {
        "type": "Point",
        "coordinates": [
          80.3970778,
          7.1011744
        ]
      },
      "id": "node/4794908615"
    },
    {
      "type": "Feature",
      "properties": {
        "@id": "node/4825236007",
        "name": "Waterfall",
        "tourism": "viewpoint",
        "waterway": "waterfall"
      },
      "geometry": {
        "type": "Point",
        "coordinates": [
          80.4864491,
          6.3710518
        ]
      },
      "id": "node/4825236007"
    },
    {
      "type": "Feature",
      "properties": {
        "@id": "node/4825681053",
        "name": "Huge Stone Viewpoint",
        "tourism": "viewpoint"
      },
      "geometry": {
        "type": "Point",
        "coordinates": [
          80.8622658,
          6.7901117
        ]
      },
      "id": "node/4825681053"
    },
    {
      "type": "Feature",
      "properties": {
        "@id": "node/4837998351",
        "name": "Plant Seed Museum",
        "tourism": "museum"
      },
      "geometry": {
        "type": "Point",
        "coordinates": [
          80.5974961,
          7.2687351
        ]
      },
      "id": "node/4837998351"
    },
    {
      "type": "Feature",
      "properties": {
        "@id": "node/4838026789",
        "tourism": "viewpoint"
      },
      "geometry": {
        "type": "Point",
        "coordinates": [
          80.9469305,
          6.7589677
        ]
      },
      "id": "node/4838026789"
    },
    {
      "type": "Feature",
      "properties": {
        "@id": "node/4838026793",
        "tourism": "viewpoint"
      },
      "geometry": {
        "type": "Point",
        "coordinates": [
          80.9468373,
          6.7589344
        ]
      },
      "id": "node/4838026793"
    },
    {
      "type": "Feature",
      "properties": {
        "@id": "node/4840460416",
        "tourism": "viewpoint"
      },
      "geometry": {
        "type": "Point",
        "coordinates": [
          80.8669635,
          7.3342758
        ]
      },
      "id": "node/4840460416"
    },
    {
      "type": "Feature",
      "properties": {
        "@id": "node/4840460417",
        "name": "Mini World's End",
        "tourism": "viewpoint"
      },
      "geometry": {
        "type": "Point",
        "coordinates": [
          80.8674161,
          7.3356897
        ]
      },
      "id": "node/4840460417"
    },
    {
      "type": "Feature",
      "properties": {
        "@id": "node/4840467299",
        "tourism": "viewpoint"
      },
      "geometry": {
        "type": "Point",
        "coordinates": [
          80.7760899,
          7.3157283
        ]
      },
      "id": "node/4840467299"
    },
    {
      "type": "Feature",
      "properties": {
        "@id": "node/4840725123",
        "addr:street": "Walasmulla-Katuwana-Middeniya Road",
        "email": "mail@ashramsrilanka.org",
        "name:en": "Ashram Sri Lanka",
        "opening_hours": "Mo-Su 09:00-18:00",
        "phone": "+94777901160",
        "tourism": "attraction",
        "website": "https://ashramsrilanka.org/"
      },
      "geometry": {
        "type": "Point",
        "coordinates": [
          80.7095071,
          6.2570294
        ]
      },
      "id": "node/4840725123"
    },
    {
      "type": "Feature",
      "properties": {
        "@id": "node/4918571122",
        "name:en": "Kosgoda Sea Turtle Conservation Project",
        "tourism": "attraction"
      },
      "geometry": {
        "type": "Point",
        "coordinates": [
          80.0182795,
          6.354312
        ]
      },
      "id": "node/4918571122"
    },
    {
      "type": "Feature",
      "properties": {
        "@id": "node/4946779498",
        "information": "Kaluganga Reservoir Project - Updated 25 Wed. Dec -2019",
        "name": "Laggala Old Town",
        "tourism": "viewpoint"
      },
      "geometry": {
        "type": "Point",
        "coordinates": [
          80.8303696,
          7.5418324
        ]
      },
      "id": "node/4946779498"
    },
    {
      "type": "Feature",
      "properties": {
        "@id": "node/4949041329",
        "name": "Holuwagoda",
        "tourism": "attraction"
      },
      "geometry": {
        "type": "Point",
        "coordinates": [
          80.7101792,
          7.2211344
        ]
      },
      "id": "node/4949041329"
    },
    {
      "type": "Feature",
      "properties": {
        "@id": "node/4949075821",
        "name:en": "muthukeliyava",
        "tourism": "viewpoint"
      },
      "geometry": {
        "type": "Point",
        "coordinates": [
          80.7093644,
          7.2197884
        ]
      },
      "id": "node/4949075821"
    },
    {
      "type": "Feature",
      "properties": {
        "@id": "node/4952287524",
        "name:en": "Elephant shaped rock",
        "tourism": "viewpoint"
      },
      "geometry": {
        "type": "Point",
        "coordinates": [
          81.283962,
          7.5746649
        ]
      },
      "id": "node/4952287524"
    },
    {
      "type": "Feature",
      "properties": {
        "@id": "node/4966801151",
        "name": "St. Catharine's Seat",
        "tourism": "viewpoint"
      },
      "geometry": {
        "type": "Point",
        "coordinates": [
          81.0167241,
          6.7984754
        ]
      },
      "id": "node/4966801151"
    },
    {
      "type": "Feature",
      "properties": {
        "@id": "node/4979705921",
        "name:cs": "Tajný vstup do Monastery",
        "name:en": "temple",
        "tourism": "attraction"
      },
      "geometry": {
        "type": "Point",
        "coordinates": [
          80.9343211,
          6.7718077
        ]
      },
      "id": "node/4979705921"
    },
    {
      "type": "Feature",
      "properties": {
        "@id": "node/4986173123",
        "addr:city": "Kawudupelella",
        "addr:street": "Jaffna - Kandy Road",
        "name": "Royal Spice Garden",
        "tourism": "attraction"
      },
      "geometry": {
        "type": "Point",
        "coordinates": [
          80.6253839,
          7.5759353
        ]
      },
      "id": "node/4986173123"
    },
    {
      "type": "Feature",
      "properties": {
        "@id": "node/4986196478",
        "addr:city": "Kawudupelella",
        "addr:street": "Jaffna - Kandy Road",
        "name": "New Paradise Spice Garden",
        "tourism": "attraction"
      },
      "geometry": {
        "type": "Point",
        "coordinates": [
          80.6259149,
          7.5763917
        ]
      },
      "id": "node/4986196478"
    },
    {
      "type": "Feature",
      "properties": {
        "@id": "node/4986254002",
        "addr:city": "Kurundugaspitiya",
        "addr:street": "Jaffna - Kandy Road",
        "name": "Sirilak Spice and Herbal Botanical Garden",
        "tourism": "attraction"
      },
      "geometry": {
        "type": "Point",
        "coordinates": [
          80.6265083,
          7.5829487
        ]
      },
      "id": "node/4986254002"
    },
    {
      "type": "Feature",
      "properties": {
        "@id": "node/4986424115",
        "addr:street": "Hettipola - Wasgamuwa Road",
        "name": "Safari Palace Wasgamuwa",
        "tourism": "attraction"
      },
      "geometry": {
        "type": "Point",
        "coordinates": [
          80.9362697,
          7.6319921
        ]
      },
      "id": "node/4986424115"
    },
    {
      "type": "Feature",
      "properties": {
        "@id": "node/5007045022",
        "name:en": "Big Game Camp Pickup Spot",
        "tourism": "attraction"
      },
      "geometry": {
        "type": "Point",
        "coordinates": [
          81.3680994,
          6.4048783
        ]
      },
      "id": "node/5007045022"
    },
    {
      "type": "Feature",
      "properties": {
        "@id": "node/5014109619",
        "tourism": "viewpoint"
      },
      "geometry": {
        "type": "Point",
        "coordinates": [
          80.9718065,
          6.7712086
        ]
      },
      "id": "node/5014109619"
    },
    {
      "type": "Feature",
      "properties": {
        "@id": "node/5018097621",
        "name:en": "Sea Turtle conservation center",
        "tourism": "attraction"
      },
      "geometry": {
        "type": "Point",
        "coordinates": [
          80.0055951,
          6.3978652
        ]
      },
      "id": "node/5018097621"
    },
    {
      "type": "Feature",
      "properties": {
        "@id": "node/5043038322",
        "name": "Sera Ella Water Fall",
        "tourism": "viewpoint"
      },
      "geometry": {
        "type": "Point",
        "coordinates": [
          80.7552087,
          7.588254
        ]
      },
      "id": "node/5043038322"
    },
    {
      "type": "Feature",
      "properties": {
        "@id": "node/5046261527",
        "name:en": "meditation temple",
        "tourism": "attraction"
      },
      "geometry": {
        "type": "Point",
        "coordinates": [
          80.4673528,
          8.352887
        ]
      },
      "id": "node/5046261527"
    },
    {
      "type": "Feature",
      "properties": {
        "@id": "node/5046507022",
        "name:en": "Baobab Tree",
        "name:it": "Albero Baobab",
        "tourism": "attraction"
      },
      "geometry": {
        "type": "Point",
        "coordinates": [
          79.7160156,
          9.5107329
        ]
      },
      "id": "node/5046507022"
    },
    {
      "type": "Feature",
      "properties": {
        "@id": "node/5046516725",
        "name:en": "Dutch Fort Ruins",
        "name:it": "Rovine forte olandese",
        "tourism": "attraction"
      },
      "geometry": {
        "type": "Point",
        "coordinates": [
          79.7001435,
          9.5280594
        ]
      },
      "id": "node/5046516725"
    },
    {
      "type": "Feature",
      "properties": {
        "@id": "node/5063761704",
        "description": "waterfall",
        "name": "Huluganga Ella Waterfall",
        "tourism": "attraction"
      },
      "geometry": {
        "type": "Point",
        "coordinates": [
          80.7421521,
          7.4010665
        ]
      },
      "id": "node/5063761704"
    },
    {
      "type": "Feature",
      "properties": {
        "@id": "node/5063794060",
        "name": "bathing place",
        "tourism": "attraction"
      },
      "geometry": {
        "type": "Point",
        "coordinates": [
          80.7720165,
          7.4011222
        ]
      },
      "id": "node/5063794060"
    },
    {
      "type": "Feature",
      "properties": {
        "@id": "node/5063794064",
        "name": "bathing place",
        "tourism": "attraction"
      },
      "geometry": {
        "type": "Point",
        "coordinates": [
          80.7713226,
          7.4006038
        ]
      },
      "id": "node/5063794064"
    },
    {
      "type": "Feature",
      "properties": {
        "@id": "node/5071014216",
        "name": "Upper Hunnasfall",
        "tourism": "attraction"
      },
      "geometry": {
        "type": "Point",
        "coordinates": [
          80.692668,
          7.4029293
        ]
      },
      "id": "node/5071014216"
    },
    {
      "type": "Feature",
      "properties": {
        "@id": "node/5071145827",
        "amenity": "place_of_worship",
        "religion": "buddhist",
        "tourism": "attraction"
      },
      "geometry": {
        "type": "Point",
        "coordinates": [
          80.680038,
          7.913441
        ]
      },
      "id": "node/5071145827"
    },
    {
      "type": "Feature",
      "properties": {
        "@id": "node/5080663589",
        "addr:city": "Algama",
        "addr:street": "uduwaka - algama road",
        "name": "Algama Water fall",
        "tourism": "attraction"
      },
      "geometry": {
        "type": "Point",
        "coordinates": [
          80.1745665,
          7.1532359
        ]
      },
      "id": "node/5080663589"
    },
    {
      "type": "Feature",
      "properties": {
        "@id": "node/5080700328",
        "name": "Uduwaka ella",
        "name:en": "Dunumala ella",
        "name:si": "දුනුමාල ඇල්ල",
        "tourism": "attraction"
      },
      "geometry": {
        "type": "Point",
        "coordinates": [
          80.2019743,
          7.1478186
        ]
      },
      "id": "node/5080700328"
    },
    {
      "type": "Feature",
      "properties": {
        "@id": "node/5080962668",
        "name": "Thaliya Wetuna Ella",
        "tourism": "attraction"
      },
      "geometry": {
        "type": "Point",
        "coordinates": [
          80.7401511,
          7.4190606
        ]
      },
      "id": "node/5080962668"
    },
    {
      "type": "Feature",
      "properties": {
        "@id": "node/5080980502",
        "name": "Saari Ella Water fall",
        "tourism": "attraction;viewpoint",
        "waterway": "waterfall"
      },
      "geometry": {
        "type": "Point",
        "coordinates": [
          80.7837148,
          7.4073695
        ]
      },
      "id": "node/5080980502"
    },
    {
      "type": "Feature",
      "properties": {
        "@id": "node/5085639924",
        "addr:street": "Yatiyanthota - Poonagala - Meenagala Road",
        "name": "Olu Ella water fall",
        "tourism": "attraction"
      },
      "geometry": {
        "type": "Point",
        "coordinates": [
          80.3797779,
          7.0650461
        ]
      },
      "id": "node/5085639924"
    },
    {
      "type": "Feature",
      "properties": {
        "@id": "node/5085905350",
        "name": "Rikili ella water fall",
        "tourism": "attraction"
      },
      "geometry": {
        "type": "Point",
        "coordinates": [
          80.3724705,
          7.1041472
        ]
      },
      "id": "node/5085905350"
    },
    {
      "type": "Feature",
      "properties": {
        "@id": "node/5085905351",
        "name": "Weladha Ella Waterfall",
        "tourism": "viewpoint"
      },
      "geometry": {
        "type": "Point",
        "coordinates": [
          80.3618275,
          7.0967106
        ]
      },
      "id": "node/5085905351"
    },
    {
      "type": "Feature",
      "properties": {
        "@id": "node/5091013222",
        "historic": "memorial",
        "name": "Millangoda Elephant Village",
        "tourism": "attraction"
      },
      "geometry": {
        "type": "Point",
        "coordinates": [
          80.3846791,
          7.2538003
        ]
      },
      "id": "node/5091013222"
    },
    {
      "type": "Feature",
      "properties": {
        "@id": "node/5094522745",
        "name": "Waterfall",
        "opening_hours": "24/7",
        "tourism": "attraction",
        "wheelchair": "no"
      },
      "geometry": {
        "type": "Point",
        "coordinates": [
          80.6984398,
          6.724045
        ]
      },
      "id": "node/5094522745"
    },
    {
      "type": "Feature",
      "properties": {
        "@id": "node/5102778721",
        "name:en": "Urban Ruin",
        "tourism": "attraction"
      },
      "geometry": {
        "type": "Point",
        "coordinates": [
          79.8557992,
          6.915605
        ]
      },
      "id": "node/5102778721"
    },
    {
      "type": "Feature",
      "properties": {
        "@id": "node/5106951411",
        "name": "Wedda peni ella",
        "tourism": "attraction"
      },
      "geometry": {
        "type": "Point",
        "coordinates": [
          80.7559526,
          7.5173714
        ]
      },
      "id": "node/5106951411"
    },
    {
      "type": "Feature",
      "properties": {
        "@id": "node/5107267913",
        "name": "Rathninda Ella",
        "tourism": "attraction"
      },
      "geometry": {
        "type": "Point",
        "coordinates": [
          80.749642,
          7.5231896
        ]
      },
      "id": "node/5107267913"
    },
    {
      "type": "Feature",
      "properties": {
        "@id": "node/5117944722",
        "tourism": "viewpoint"
      },
      "geometry": {
        "type": "Point",
        "coordinates": [
          79.9066039,
          6.7109239
        ]
      },
      "id": "node/5117944722"
    },
    {
      "type": "Feature",
      "properties": {
        "@id": "node/5127717721",
        "addr:housenumber": "31",
        "addr:street": "Gannoruwa-Muruthalawa Rd",
        "email": "spicegardencli@gmail.com",
        "name:en": "New Ranweli Spice Garden 99",
        "phone": "94812387613",
        "tourism": "attraction",
        "website": "http://www.spicegardenproducts.com"
      },
      "geometry": {
        "type": "Point",
        "coordinates": [
          80.5929019,
          7.2818123
        ]
      },
      "id": "node/5127717721"
    },
    {
      "type": "Feature",
      "properties": {
        "@id": "node/5137426725",
        "name": "Snorkling Place",
        "tourism": "attraction"
      },
      "geometry": {
        "type": "Point",
        "coordinates": [
          80.0986889,
          6.1377427
        ]
      },
      "id": "node/5137426725"
    },
    {
      "type": "Feature",
      "properties": {
        "@id": "node/5138765254",
        "ele": "254",
        "name": "Duwannagala",
        "natural": "peak",
        "tourism": "attraction"
      },
      "geometry": {
        "type": "Point",
        "coordinates": [
          80.7420526,
          7.9433198
        ]
      },
      "id": "node/5138765254"
    },
    {
      "type": "Feature",
      "properties": {
        "@id": "node/5166930204",
        "addr:street": "Colombo - Ratnapura - Wellawaya - Batticaloa Road",
        "name": "Brampton Falls",
        "tourism": "attraction"
      },
      "geometry": {
        "type": "Point",
        "coordinates": [
          80.8180383,
          6.7330899
        ]
      },
      "id": "node/5166930204"
    },
    {
      "type": "Feature",
      "properties": {
        "@id": "node/5166957625",
        "description": "The Longest Suspension Bridge in Sri lanka",
        "name": "Ruwanwella Suspension Bridge",
        "tourism": "viewpoint"
      },
      "geometry": {
        "type": "Point",
        "coordinates": [
          80.2510833,
          7.0444734
        ]
      },
      "id": "node/5166957625"
    },
    {
      "type": "Feature",
      "properties": {
        "@id": "node/5166965479",
        "name": "Lankagama Sangili Palama",
        "tourism": "viewpoint"
      },
      "geometry": {
        "type": "Point",
        "coordinates": [
          80.4569311,
          6.3688789
        ]
      },
      "id": "node/5166965479"
    },
    {
      "type": "Feature",
      "properties": {
        "@id": "node/5166965488",
        "name": "Fool’s Bridge",
        "tourism": "viewpoint"
      },
      "geometry": {
        "type": "Point",
        "coordinates": [
          80.5596838,
          7.0956325
        ]
      },
      "id": "node/5166965488"
    },
    {
      "type": "Feature",
      "properties": {
        "@id": "node/5166992629",
        "name": "Kosgulana Sangili Palama",
        "tourism": "viewpoint"
      },
      "geometry": {
        "type": "Point",
        "coordinates": [
          80.2630373,
          6.6219283
        ]
      },
      "id": "node/5166992629"
    },
    {
      "type": "Feature",
      "properties": {
        "@id": "node/5166992630",
        "name": "Maskeliya Ravana Gala",
        "tourism": "viewpoint"
      },
      "geometry": {
        "type": "Point",
        "coordinates": [
          80.5497349,
          6.865249
        ]
      },
      "id": "node/5166992630"
    },
    {
      "type": "Feature",
      "properties": {
        "@id": "node/5167036321",
        "name": "Abarana Ella",
        "tourism": "viewpoint"
      },
      "geometry": {
        "type": "Point",
        "coordinates": [
          80.9702458,
          6.1875733
        ]
      },
      "id": "node/5167036321"
    },
    {
      "type": "Feature",
      "properties": {
        "@id": "node/5167036323",
        "name": "Adi Hate Wala Waterfall",
        "tourism": "viewpoint"
      },
      "geometry": {
        "type": "Point",
        "coordinates": [
          81.1862758,
          6.9764577
        ]
      },
      "id": "node/5167036323"
    },
    {
      "type": "Feature",
      "properties": {
        "@id": "node/5167165070",
        "name": "Kapara Mulaya",
        "tourism": "viewpoint"
      },
      "geometry": {
        "type": "Point",
        "coordinates": [
          80.4010745,
          8.3723656
        ]
      },
      "id": "node/5167165070"
    },
    {
      "type": "Feature",
      "properties": {
        "@id": "node/5167165092",
        "name": "Abhayagiriya Museum",
        "tourism": "viewpoint"
      },
      "geometry": {
        "type": "Point",
        "coordinates": [
          80.394995,
          8.3664324
        ]
      },
      "id": "node/5167165092"
    },
    {
      "type": "Feature",
      "properties": {
        "@id": "node/5172559561",
        "addr:city": "Kandy",
        "addr:street": "Sri Dalada Veediya",
        "historic": "memorial",
        "inscription": "Their name liveth for ever more.",
        "material": "stone",
        "memorial": "war_memorial",
        "name": "World War I Memorial",
        "tourism": "attraction"
      },
      "geometry": {
        "type": "Point",
        "coordinates": [
          80.6356115,
          7.2928685
        ]
      },
      "id": "node/5172559561"
    },
    {
      "type": "Feature",
      "properties": {
        "@id": "node/5172591871",
        "name": "Akurukaduwa Limestone Cave and the Cascade",
        "tourism": "viewpoint"
      },
      "geometry": {
        "type": "Point",
        "coordinates": [
          81.0577484,
          7.1225382
        ]
      },
      "id": "node/5172591871"
    },
    {
      "type": "Feature",
      "properties": {
        "@id": "node/5172712575",
        "addr:city": "Sri Jayawardenepura Kotte",
        "addr:street": "Kotte Road",
        "name": "Archaeological Museum of Kotte",
        "tourism": "museum"
      },
      "geometry": {
        "type": "Point",
        "coordinates": [
          79.9051742,
          6.8932566
        ]
      },
      "id": "node/5172712575"
    },
    {
      "type": "Feature",
      "properties": {
        "@id": "node/5190222583",
        "tourism": "museum"
      },
      "geometry": {
        "type": "Point",
        "coordinates": [
          80.077578,
          9.792568
        ]
      },
      "id": "node/5190222583"
    },
    {
      "type": "Feature",
      "properties": {
        "@id": "node/5212527409",
        "tourism": "viewpoint"
      },
      "geometry": {
        "type": "Point",
        "coordinates": [
          80.8123087,
          6.8445218
        ]
      },
      "id": "node/5212527409"
    },
    {
      "type": "Feature",
      "properties": {
        "@id": "node/5212528045",
        "tourism": "viewpoint"
      },
      "geometry": {
        "type": "Point",
        "coordinates": [
          80.627398,
          7.1148249
        ]
      },
      "id": "node/5212528045"
    },
    {
      "type": "Feature",
      "properties": {
        "@id": "node/5213427822",
        "name:en": "Hot Water Spring Mahaoya",
        "tourism": "attraction"
      },
      "geometry": {
        "type": "Point",
        "coordinates": [
          81.3531299,
          7.552153
        ]
      },
      "id": "node/5213427822"
    },
    {
      "type": "Feature",
      "properties": {
        "@id": "node/5230868422",
        "name:en": "Sanjaya",
        "tourism": "attraction"
      },
      "geometry": {
        "type": "Point",
        "coordinates": [
          80.1208812,
          7.2329372
        ]
      },
      "id": "node/5230868422"
    },
    {
      "type": "Feature",
      "properties": {
        "@id": "node/5242116921",
        "name:en": "Turtle Bay",
        "tourism": "attraction"
      },
      "geometry": {
        "type": "Point",
        "coordinates": [
          80.4655387,
          5.9412891
        ]
      },
      "id": "node/5242116921"
    },
    {
      "type": "Feature",
      "properties": {
        "@id": "node/5247120122",
        "tourism": "viewpoint"
      },
      "geometry": {
        "type": "Point",
        "coordinates": [
          80.235169,
          6.0181155
        ]
      },
      "id": "node/5247120122"
    },
    {
      "type": "Feature",
      "properties": {
        "@id": "node/5247120123",
        "tourism": "viewpoint"
      },
      "geometry": {
        "type": "Point",
        "coordinates": [
          80.2410849,
          6.0255448
        ]
      },
      "id": "node/5247120123"
    },
    {
      "type": "Feature",
      "properties": {
        "@id": "node/5253581491",
        "description": "Great view over the ocean.",
        "name": "Weligambay Villas Parking Space",
        "tourism": "viewpoint"
      },
      "geometry": {
        "type": "Point",
        "coordinates": [
          80.4470643,
          5.946629
        ]
      },
      "id": "node/5253581491"
    },
    {
      "type": "Feature",
      "properties": {
        "@id": "node/5278819921",
        "name": "Pink quartz Mountain View point",
        "tourism": "viewpoint"
      },
      "geometry": {
        "type": "Point",
        "coordinates": [
          80.5753212,
          7.908643
        ]
      },
      "id": "node/5278819921"
    },
    {
      "type": "Feature",
      "properties": {
        "@id": "node/5289283122",
        "name:en": "drink beer sunset point",
        "tourism": "viewpoint"
      },
      "geometry": {
        "type": "Point",
        "coordinates": [
          80.7923831,
          6.9724048
        ]
      },
      "id": "node/5289283122"
    },
    {
      "type": "Feature",
      "properties": {
        "@id": "node/5291926780",
        "tourism": "attraction",
        "waterway": "waterfall"
      },
      "geometry": {
        "type": "Point",
        "coordinates": [
          81.2148522,
          7.0895872
        ]
      },
      "id": "node/5291926780"
    },
    {
      "type": "Feature",
      "properties": {
        "@id": "node/5304214009",
        "name": "Meellakela",
        "tourism": "viewpoint"
      },
      "geometry": {
        "type": "Point",
        "coordinates": [
          80.4923804,
          6.8111754
        ]
      },
      "id": "node/5304214009"
    },
    {
      "type": "Feature",
      "properties": {
        "@id": "node/5304214010",
        "name": "Heramitipana",
        "tourism": "viewpoint"
      },
      "geometry": {
        "type": "Point",
        "coordinates": [
          80.4870549,
          6.8102819
        ]
      },
      "id": "node/5304214010"
    },
    {
      "type": "Feature",
      "properties": {
        "@id": "node/5304223023",
        "name": "Seethagangula",
        "tourism": "viewpoint"
      },
      "geometry": {
        "type": "Point",
        "coordinates": [
          80.4576659,
          6.8222505
        ]
      },
      "id": "node/5304223023"
    },
    {
      "type": "Feature",
      "properties": {
        "@id": "node/5305807110",
        "name": "Nine Arches Bridge Viewpoint",
        "tourism": "viewpoint"
      },
      "geometry": {
        "type": "Point",
        "coordinates": [
          81.061567,
          6.8760426
        ]
      },
      "id": "node/5305807110"
    },
    {
      "type": "Feature",
      "properties": {
        "@id": "node/5306203490",
        "ele": "1255",
        "name": "Uva Halpewatte Tea Factory",
        "opening_hours": "Mo-Sa 08:00-16:30",
        "produce": "tea",
        "tourism": "attraction",
        "website": "https://www.halpetea.com/"
      },
      "geometry": {
        "type": "Point",
        "coordinates": [
          81.0347674,
          6.8895645
        ]
      },
      "id": "node/5306203490"
    },
    {
      "type": "Feature",
      "properties": {
        "@id": "node/5308355624",
        "tourism": "viewpoint"
      },
      "geometry": {
        "type": "Point",
        "coordinates": [
          80.5430326,
          6.7997245
        ]
      },
      "id": "node/5308355624"
    },
    {
      "type": "Feature",
      "properties": {
        "@id": "node/5308356239",
        "name": "Little Adam's Peak",
        "tourism": "viewpoint"
      },
      "geometry": {
        "type": "Point",
        "coordinates": [
          81.0630331,
          6.8650918
        ]
      },
      "id": "node/5308356239"
    },
    {
      "type": "Feature",
      "properties": {
        "@id": "node/5312952621",
        "tourism": "viewpoint"
      },
      "geometry": {
        "type": "Point",
        "coordinates": [
          81.049336,
          6.860651
        ]
      },
      "id": "node/5312952621"
    },
    {
      "type": "Feature",
      "properties": {
        "@id": "node/5314443422",
        "name:en": "Pankuliya Ashokaramaya",
        "tourism": "attraction"
      },
      "geometry": {
        "type": "Point",
        "coordinates": [
          80.4100311,
          8.3859549
        ]
      },
      "id": "node/5314443422"
    },
    {
      "type": "Feature",
      "properties": {
        "@id": "node/5317654427",
        "name:en": "Okada Temple",
        "tourism": "attraction"
      },
      "geometry": {
        "type": "Point",
        "coordinates": [
          79.8640115,
          6.8285224
        ]
      },
      "id": "node/5317654427"
    },
    {
      "type": "Feature",
      "properties": {
        "@id": "node/5319571822",
        "direction": "90",
        "tourism": "viewpoint"
      },
      "geometry": {
        "type": "Point",
        "coordinates": [
          80.7625624,
          7.9662763
        ]
      },
      "id": "node/5319571822"
    },
    {
      "type": "Feature",
      "properties": {
        "@id": "node/5319583421",
        "direction": "180",
        "tourism": "viewpoint"
      },
      "geometry": {
        "type": "Point",
        "coordinates": [
          80.7618926,
          7.9653604
        ]
      },
      "id": "node/5319583421"
    },
    {
      "type": "Feature",
      "properties": {
        "@id": "node/5319727123",
        "name:cs": "Rybáři na kůlech",
        "name:en": "Stick Fishermans",
        "tourism": "attraction"
      },
      "geometry": {
        "type": "Point",
        "coordinates": [
          80.3323903,
          5.9834929
        ]
      },
      "id": "node/5319727123"
    },
    {
      "type": "Feature",
      "properties": {
        "@id": "node/5323165222",
        "name": "Welimada Valley Panorama Viewpoint",
        "tourism": "viewpoint"
      },
      "geometry": {
        "type": "Point",
        "coordinates": [
          80.8280138,
          6.9228436
        ]
      },
      "id": "node/5323165222"
    },
    {
      "type": "Feature",
      "properties": {
        "@id": "node/5325106121",
        "tourism": "viewpoint"
      },
      "geometry": {
        "type": "Point",
        "coordinates": [
          81.0160552,
          6.7810752
        ]
      },
      "id": "node/5325106121"
    },
    {
      "type": "Feature",
      "properties": {
        "@id": "node/5325160023",
        "name:en": "Lanka Adventure Camp",
        "tourism": "attraction"
      },
      "geometry": {
        "type": "Point",
        "coordinates": [
          80.068108,
          7.0789421
        ]
      },
      "id": "node/5325160023"
    },
    {
      "type": "Feature",
      "properties": {
        "@id": "node/5326819822",
        "name": "Castlereagh Reservoir Viewpoint",
        "tourism": "viewpoint"
      },
      "geometry": {
        "type": "Point",
        "coordinates": [
          80.584723,
          6.8484699
        ]
      },
      "id": "node/5326819822"
    },
    {
      "type": "Feature",
      "properties": {
        "@id": "node/5333411524",
        "addr:housenumber": "530",
        "addr:postcode": "20000",
        "addr:street": "Colombo-Kandy Road",
        "email": "snaturalgems@gmail.com",
        "name:en": "Natural Gems and Gemological Museum",
        "opening_hours": "Mo-Su 08:30-17:30",
        "operator": "Sarath Lawrance",
        "phone": "+94778731811",
        "tourism": "museum",
        "website": "http://www.slnaturalgems@gmail.com"
      },
      "geometry": {
        "type": "Point",
        "coordinates": [
          80.5736121,
          7.2672068
        ]
      },
      "id": "node/5333411524"
    },
    {
      "type": "Feature",
      "properties": {
        "@id": "node/5335446121",
        "name": "Maratenne Estate Viewpoint",
        "tourism": "viewpoint"
      },
      "geometry": {
        "type": "Point",
        "coordinates": [
          80.7074999,
          6.7447834
        ]
      },
      "id": "node/5335446121"
    },
    {
      "type": "Feature",
      "properties": {
        "@id": "node/5336388324",
        "name:en": "Nine Arch Bridge Viewpoint",
        "tourism": "viewpoint"
      },
      "geometry": {
        "type": "Point",
        "coordinates": [
          81.0601548,
          6.8766687
        ]
      },
      "id": "node/5336388324"
    },
    {
      "type": "Feature",
      "properties": {
        "@id": "node/5341432323",
        "access": "no",
        "tourism": "viewpoint"
      },
      "geometry": {
        "type": "Point",
        "coordinates": [
          79.8439691,
          6.9243888
        ]
      },
      "id": "node/5341432323"
    },
    {
      "type": "Feature",
      "properties": {
        "@id": "node/5350918621",
        "name": "Moragahakanda Reservoir Viewpoint",
        "tourism": "attraction"
      },
      "geometry": {
        "type": "Point",
        "coordinates": [
          80.7589715,
          7.6991061
        ]
      },
      "id": "node/5350918621"
    },
    {
      "type": "Feature",
      "properties": {
        "@id": "node/5378347040",
        "name": "View Point",
        "tourism": "viewpoint"
      },
      "geometry": {
        "type": "Point",
        "coordinates": [
          80.9578912,
          6.7671174
        ]
      },
      "id": "node/5378347040"
    },
    {
      "type": "Feature",
      "properties": {
        "@id": "node/5383262323",
        "tourism": "viewpoint"
      },
      "geometry": {
        "type": "Point",
        "coordinates": [
          80.6308747,
          7.2956307
        ]
      },
      "id": "node/5383262323"
    },
    {
      "type": "Feature",
      "properties": {
        "@id": "node/5386154922",
        "name:en": "Kosgoda Sea Turtle Conservation Project",
        "tourism": "attraction"
      },
      "geometry": {
        "type": "Point",
        "coordinates": [
          80.0182057,
          6.354556
        ]
      },
      "id": "node/5386154922"
    },
    {
      "type": "Feature",
      "properties": {
        "@id": "node/5388473922",
        "name:en": "Free Museum of Kumana National Park",
        "tourism": "museum"
      },
      "geometry": {
        "type": "Point",
        "coordinates": [
          81.7701705,
          6.6486444
        ]
      },
      "id": "node/5388473922"
    },
    {
      "type": "Feature",
      "properties": {
        "@id": "node/5397206222",
        "name:en": "Ocean park benches",
        "tourism": "attraction"
      },
      "geometry": {
        "type": "Point",
        "coordinates": [
          80.8193537,
          9.2714424
        ]
      },
      "id": "node/5397206222"
    },
    {
      "type": "Feature",
      "properties": {
        "@id": "node/5397206524",
        "name:en": "Lake with crocodiles STP",
        "tourism": "attraction"
      },
      "geometry": {
        "type": "Point",
        "coordinates": [
          80.8131217,
          9.2733377
        ]
      },
      "id": "node/5397206524"
    },
    {
      "type": "Feature",
      "properties": {
        "@id": "node/5404930955",
        "name:en": "Millennium Elephant Foundation",
        "tourism": "attraction"
      },
      "geometry": {
        "type": "Point",
        "coordinates": [
          80.3837969,
          7.2750643
        ]
      },
      "id": "node/5404930955"
    },
    {
      "type": "Feature",
      "properties": {
        "@id": "node/5405608121",
        "direction": "40",
        "name:en": "Waterfall Viewpoint",
        "tourism": "viewpoint"
      },
      "geometry": {
        "type": "Point",
        "coordinates": [
          80.7949098,
          6.793766
        ]
      },
      "id": "node/5405608121"
    },
    {
      "type": "Feature",
      "properties": {
        "@id": "node/5411345721",
        "tourism": "viewpoint"
      },
      "geometry": {
        "type": "Point",
        "coordinates": [
          81.0622821,
          7.0182796
        ]
      },
      "id": "node/5411345721"
    },
    {
      "type": "Feature",
      "properties": {
        "@id": "node/5413675522",
        "tourism": "viewpoint"
      },
      "geometry": {
        "type": "Point",
        "coordinates": [
          81.3341341,
          6.2120509
        ]
      },
      "id": "node/5413675522"
    },
    {
      "type": "Feature",
      "properties": {
        "@id": "node/5413675621",
        "tourism": "viewpoint"
      },
      "geometry": {
        "type": "Point",
        "coordinates": [
          81.335353,
          6.213246
        ]
      },
      "id": "node/5413675621"
    },
    {
      "type": "Feature",
      "properties": {
        "@id": "node/5413804741",
        "name": "Aberdeen Waterfall",
        "tourism": "viewpoint"
      },
      "geometry": {
        "type": "Point",
        "coordinates": [
          80.5021871,
          6.9493501
        ]
      },
      "id": "node/5413804741"
    },
    {
      "type": "Feature",
      "properties": {
        "@id": "node/5422361421",
        "direction": "0-360",
        "name": "Dimbulagala Temple Viewpoint",
        "tourism": "viewpoint"
      },
      "geometry": {
        "type": "Point",
        "coordinates": [
          81.1174947,
          7.8609613
        ]
      },
      "id": "node/5422361421"
    },
    {
      "type": "Feature",
      "properties": {
        "@id": "node/5429410925",
        "tourism": "viewpoint"
      },
      "geometry": {
        "type": "Point",
        "coordinates": [
          80.6338986,
          5.9458572
        ]
      },
      "id": "node/5429410925"
    },
    {
      "type": "Feature",
      "properties": {
        "@id": "node/5430606722",
        "name:en": "Afternoon Cricket Spot",
        "opening_hours": "Mo-Su 16:00-18:00",
        "tourism": "attraction"
      },
      "geometry": {
        "type": "Point",
        "coordinates": [
          80.5999966,
          6.8943294
        ]
      },
      "id": "node/5430606722"
    },
    {
      "type": "Feature",
      "properties": {
        "@id": "node/5431070122",
        "name:en": "View point",
        "tourism": "viewpoint"
      },
      "geometry": {
        "type": "Point",
        "coordinates": [
          81.060543,
          6.9020299
        ]
      },
      "id": "node/5431070122"
    },
    {
      "type": "Feature",
      "properties": {
        "@id": "node/5435323122",
        "tourism": "viewpoint"
      },
      "geometry": {
        "type": "Point",
        "coordinates": [
          80.6431181,
          7.2939621
        ]
      },
      "id": "node/5435323122"
    },
    {
      "type": "Feature",
      "properties": {
        "@id": "node/5445037726",
        "tourism": "viewpoint"
      },
      "geometry": {
        "type": "Point",
        "coordinates": [
          80.5048336,
          8.3510161
        ]
      },
      "id": "node/5445037726"
    },
    {
      "type": "Feature",
      "properties": {
        "@id": "node/5445130021",
        "name:en": "Rajagiri Lena Kanda (Rajagiri Cave Mountain)",
        "tourism": "viewpoint"
      },
      "geometry": {
        "type": "Point",
        "coordinates": [
          80.5069023,
          8.3497458
        ]
      },
      "id": "node/5445130021"
    },
    {
      "type": "Feature",
      "properties": {
        "@id": "node/5455788124",
        "name": "tea factory",
        "name:ru": "чайная фабрика",
        "tourism": "attraction"
      },
      "geometry": {
        "type": "Point",
        "coordinates": [
          80.3627056,
          6.2186047
        ]
      },
      "id": "node/5455788124"
    },
    {
      "type": "Feature",
      "properties": {
        "@id": "node/5458428422",
        "tourism": "viewpoint"
      },
      "geometry": {
        "type": "Point",
        "coordinates": [
          81.0473458,
          6.8638811
        ]
      },
      "id": "node/5458428422"
    },
    {
      "type": "Feature",
      "properties": {
        "@id": "node/5461290275",
        "direction": "0-360",
        "name": "Danigala Rock",
        "tourism": "viewpoint"
      },
      "geometry": {
        "type": "Point",
        "coordinates": [
          81.2135768,
          7.6809344
        ]
      },
      "id": "node/5461290275"
    },
    {
      "type": "Feature",
      "properties": {
        "@id": "node/5469820321",
        "name": "Sea turtle hatchery mahamodara",
        "tourism": "attraction"
      },
      "geometry": {
        "type": "Point",
        "coordinates": [
          80.1985862,
          6.0407815
        ]
      },
      "id": "node/5469820321"
    },
    {
      "type": "Feature",
      "properties": {
        "@id": "node/5474656973",
        "name": "reef",
        "tourism": "attraction"
      },
      "geometry": {
        "type": "Point",
        "coordinates": [
          81.2418312,
          8.5651714
        ]
      },
      "id": "node/5474656973"
    },
    {
      "type": "Feature",
      "properties": {
        "@id": "node/5493128921",
        "name:en": "King Sangiliyan's Minister's House",
        "tourism": "attraction"
      },
      "geometry": {
        "type": "Point",
        "coordinates": [
          80.0359869,
          9.6775284
        ]
      },
      "id": "node/5493128921"
    },
    {
      "type": "Feature",
      "properties": {
        "@id": "node/5544665622",
        "tourism": "viewpoint"
      },
      "geometry": {
        "type": "Point",
        "coordinates": [
          80.7082382,
          7.0349432
        ]
      },
      "id": "node/5544665622"
    },
    {
      "type": "Feature",
      "properties": {
        "@id": "node/5561992399",
        "tourism": "viewpoint"
      },
      "geometry": {
        "type": "Point",
        "coordinates": [
          81.0664516,
          6.8600578
        ]
      },
      "id": "node/5561992399"
    },
    {
      "type": "Feature",
      "properties": {
        "@id": "node/5564087624",
        "name:pl": "widok na miasto",
        "tourism": "viewpoint"
      },
      "geometry": {
        "type": "Point",
        "coordinates": [
          80.6311808,
          7.294516
        ]
      },
      "id": "node/5564087624"
    },
    {
      "type": "Feature",
      "properties": {
        "@id": "node/5578175324",
        "name": "Dambana Wedi Gammanaya",
        "tourism": "attraction"
      },
      "geometry": {
        "type": "Point",
        "coordinates": [
          81.1083854,
          7.4135081
        ]
      },
      "id": "node/5578175324"
    },
    {
      "type": "Feature",
      "properties": {
        "@id": "node/5584399921",
        "name:en": "Archeological Museum",
        "tourism": "museum"
      },
      "geometry": {
        "type": "Point",
        "coordinates": [
          80.5001014,
          8.7588843
        ]
      },
      "id": "node/5584399921"
    },
    {
      "type": "Feature",
      "properties": {
        "@id": "node/5585546021",
        "name:en": "Sankiliyan Minister’s Abode",
        "tourism": "attraction"
      },
      "geometry": {
        "type": "Point",
        "coordinates": [
          80.0360354,
          9.6774517
        ]
      },
      "id": "node/5585546021"
    },
    {
      "type": "Feature",
      "properties": {
        "@id": "node/5589539521",
        "archaeological_site": "megalith",
        "facebook": "https://www.facebook.com/pg/Ibbankatuwa-megalithic-Burial-Site-292917867899104/",
        "historic": "archaeological_site",
        "name": "Ibbankatuwa Megalithic Burial Site",
        "name:pl": "Ibbankatuwa cmentarzysko megalityczne",
        "name:si": "ඉබ්බන්කටුව මෙෙගලිතික සුසාන",
        "opening_hours": "Mo-Su 09:00-18:00",
        "phone": "+94 66 2284760",
        "tourism": "museum",
        "wikidata": "Q28406819",
        "wikipedia": "en:Ibbankatuwa Megalithic Tombs"
      },
      "geometry": {
        "type": "Point",
        "coordinates": [
          80.6298651,
          7.8372255
        ]
      },
      "id": "node/5589539521"
    },
    {
      "type": "Feature",
      "properties": {
        "@id": "node/5627298468",
        "name": "Katuwana Dutch Fort",
        "tourism": "attraction"
      },
      "geometry": {
        "type": "Point",
        "coordinates": [
          80.6952354,
          6.2675009
        ]
      },
      "id": "node/5627298468"
    },
    {
      "type": "Feature",
      "properties": {
        "@id": "node/5627300060",
        "name": "Kayts Fort",
        "tourism": "attraction",
        "wikidata": "Q12975379",
        "wikimedia_commons": "Category:Kayts Island Fort",
        "wikipedia": "en:Kayts Island Fort"
      },
      "geometry": {
        "type": "Point",
        "coordinates": [
          79.8519663,
          9.7007306
        ]
      },
      "id": "node/5627300060"
    },
    {
      "type": "Feature",
      "properties": {
        "@id": "node/5661757705",
        "name": "Peessa Ella",
        "tourism": "viewpoint"
      },
      "geometry": {
        "type": "Point",
        "coordinates": [
          81.2190002,
          6.9758321
        ]
      },
      "id": "node/5661757705"
    },
    {
      "type": "Feature",
      "properties": {
        "@id": "node/5668567021",
        "name:en": "Water tank",
        "tourism": "attraction"
      },
      "geometry": {
        "type": "Point",
        "coordinates": [
          80.0444015,
          9.7438906
        ]
      },
      "id": "node/5668567021"
    },
    {
      "type": "Feature",
      "properties": {
        "@id": "node/5669433623",
        "name:en": "Road to subarine",
        "tourism": "attraction"
      },
      "geometry": {
        "type": "Point",
        "coordinates": [
          80.755091,
          9.32525
        ]
      },
      "id": "node/5669433623"
    },
    {
      "type": "Feature",
      "properties": {
        "@id": "node/5669433624",
        "name:en": "Memorial tamil tiger",
        "tourism": "attraction"
      },
      "geometry": {
        "type": "Point",
        "coordinates": [
          80.7284822,
          9.3158935
        ]
      },
      "id": "node/5669433624"
    },
    {
      "type": "Feature",
      "properties": {
        "@id": "node/5678574824",
        "name": "Hoods Tower Naval Museum",
        "tourism": "museum"
      },
      "geometry": {
        "type": "Point",
        "coordinates": [
          81.2312591,
          8.5402451
        ]
      },
      "id": "node/5678574824"
    },
    {
      "type": "Feature",
      "properties": {
        "@id": "node/5678582222",
        "name": "Orr's Hill Army Museum",
        "tourism": "museum"
      },
      "geometry": {
        "type": "Point",
        "coordinates": [
          81.2131269,
          8.5689424
        ]
      },
      "id": "node/5678582222"
    },
    {
      "type": "Feature",
      "properties": {
        "@id": "node/5679936821",
        "name:en": "Pahiyangala cave.",
        "tourism": "attraction"
      },
      "geometry": {
        "type": "Point",
        "coordinates": [
          80.2136,
          6.6472
        ]
      },
      "id": "node/5679936821"
    },
    {
      "type": "Feature",
      "properties": {
        "@id": "node/5711360821",
        "name:en": "Kiribath Wahera",
        "tourism": "attraction"
      },
      "geometry": {
        "type": "Point",
        "coordinates": [
          80.4004633,
          8.3995613
        ]
      },
      "id": "node/5711360821"
    },
    {
      "type": "Feature",
      "properties": {
        "@id": "node/5711360822",
        "name:en": "Western Monastery",
        "tourism": "attraction"
      },
      "geometry": {
        "type": "Point",
        "coordinates": [
          80.3757808,
          8.3635575
        ]
      },
      "id": "node/5711360822"
    },
    {
      "type": "Feature",
      "properties": {
        "@id": "node/5714845930",
        "name:en": "Monastery Ruins",
        "tourism": "attraction"
      },
      "geometry": {
        "type": "Point",
        "coordinates": [
          80.6607336,
          8.1186344
        ]
      },
      "id": "node/5714845930"
    },
    {
      "type": "Feature",
      "properties": {
        "@id": "node/5745528021",
        "name:en": "Sinharaja Conservation Centre",
        "tourism": "attraction"
      },
      "geometry": {
        "type": "Point",
        "coordinates": [
          80.4786707,
          6.3645587
        ]
      },
      "id": "node/5745528021"
    },
    {
      "type": "Feature",
      "properties": {
        "@id": "node/5747565324",
        "description": "Knuckles Forest - Ududumbara",
        "name:en": "Diyakwrella waterfall",
        "tourism": "attraction"
      },
      "geometry": {
        "type": "Point",
        "coordinates": [
          80.8226821,
          7.4476601
        ]
      },
      "id": "node/5747565324"
    },
    {
      "type": "Feature",
      "properties": {
        "@id": "node/5764539554",
        "name": "Coconut Tree Hill",
        "name:en": "Coconut Tree Hill",
        "tourism": "viewpoint"
      },
      "geometry": {
        "type": "Point",
        "coordinates": [
          80.4682756,
          5.9392522
        ]
      },
      "id": "node/5764539554"
    },
    {
      "type": "Feature",
      "properties": {
        "@id": "node/5774416653",
        "name:en": "Brickworks",
        "tourism": "attraction"
      },
      "geometry": {
        "type": "Point",
        "coordinates": [
          79.8711571,
          7.2828112
        ]
      },
      "id": "node/5774416653"
    },
    {
      "type": "Feature",
      "properties": {
        "@id": "node/5797616053",
        "name:en": "spice garden",
        "tourism": "attraction"
      },
      "geometry": {
        "type": "Point",
        "coordinates": [
          80.4648578,
          7.2467344
        ]
      },
      "id": "node/5797616053"
    },
    {
      "type": "Feature",
      "properties": {
        "@id": "node/5797630154",
        "name": "Usine de thé  Embilmeegama",
        "name:en": "Tea factory",
        "tourism": "attraction"
      },
      "geometry": {
        "type": "Point",
        "coordinates": [
          80.5594977,
          7.2640755
        ]
      },
      "id": "node/5797630154"
    },
    {
      "type": "Feature",
      "properties": {
        "@id": "node/5800272353",
        "addr:street": "Midigama - Pathegama Road",
        "name:en": "Pallisters",
        "opening_hours": "Fr-Su 10:00-17:00",
        "phone": "0770253459",
        "tourism": "attraction"
      },
      "geometry": {
        "type": "Point",
        "coordinates": [
          80.3953023,
          5.9862051
        ]
      },
      "id": "node/5800272353"
    },
    {
      "type": "Feature",
      "properties": {
        "@id": "node/5809896058",
        "name:en": "rafting no 99",
        "tourism": "attraction"
      },
      "geometry": {
        "type": "Point",
        "coordinates": [
          80.4320451,
          6.990081
        ]
      },
      "id": "node/5809896058"
    },
    {
      "type": "Feature",
      "properties": {
        "@id": "node/5809896557",
        "addr:city": "Talawakele",
        "addr:street": "Hatton - Nuwara Eliya Road",
        "name": "St. Clair Falls",
        "tourism": "attraction",
        "waterway": "waterfall"
      },
      "geometry": {
        "type": "Point",
        "coordinates": [
          80.6481451,
          6.9513704
        ]
      },
      "id": "node/5809896557"
    },
    {
      "type": "Feature",
      "properties": {
        "@id": "node/5892851285",
        "name:en": "Viewpoint over the hills",
        "name:fr": "Point de vue sur les collines",
        "name:pt": "Mirante sobre as montanhas",
        "tourism": "viewpoint"
      },
      "geometry": {
        "type": "Point",
        "coordinates": [
          81.0651197,
          6.8825766
        ]
      },
      "id": "node/5892851285"
    },
    {
      "type": "Feature",
      "properties": {
        "@id": "node/5898406686",
        "name:en": "Methodist Church Wattala",
        "tourism": "attraction"
      },
      "geometry": {
        "type": "Point",
        "coordinates": [
          79.8827022,
          6.9907169
        ]
      },
      "id": "node/5898406686"
    },
    {
      "type": "Feature",
      "properties": {
        "@id": "node/5909688786",
        "name": "Elephant stables",
        "name:de": "Elefantenställe",
        "tourism": "attraction"
      },
      "geometry": {
        "type": "Point",
        "coordinates": [
          80.6410471,
          7.2957825
        ]
      },
      "id": "node/5909688786"
    },
    {
      "type": "Feature",
      "properties": {
        "@id": "node/5915271185",
        "name:en": "Pettah Market",
        "tourism": "attraction"
      },
      "geometry": {
        "type": "Point",
        "coordinates": [
          79.8499631,
          6.9362523
        ]
      },
      "id": "node/5915271185"
    },
    {
      "type": "Feature",
      "properties": {
        "@id": "node/5920897285",
        "name:en": "nugaduwa",
        "tourism": "viewpoint"
      },
      "geometry": {
        "type": "Point",
        "coordinates": [
          80.4331307,
          6.0054716
        ]
      },
      "id": "node/5920897285"
    },
    {
      "type": "Feature",
      "properties": {
        "@id": "node/5935616889",
        "name:ru": "Чайная плантация",
        "tourism": "attraction"
      },
      "geometry": {
        "type": "Point",
        "coordinates": [
          80.6373782,
          7.1043458
        ]
      },
      "id": "node/5935616889"
    },
    {
      "type": "Feature",
      "properties": {
        "@id": "node/5935616890",
        "addr:street": "Uthuwankanda Road",
        "name": "New Regent Spice & Herbal Garden",
        "name:ru": "Сад специй и центр аюрведы",
        "tourism": "attraction"
      },
      "geometry": {
        "type": "Point",
        "coordinates": [
          80.4276718,
          7.2527184
        ]
      },
      "id": "node/5935616890"
    },
    {
      "type": "Feature",
      "properties": {
        "@id": "node/5935616891",
        "name:ru": "Центр по сохранению морских черепах в Индуруве",
        "tourism": "attraction"
      },
      "geometry": {
        "type": "Point",
        "coordinates": [
          80.0102892,
          6.3737892
        ]
      },
      "id": "node/5935616891"
    },
    {
      "type": "Feature",
      "properties": {
        "@id": "node/6048120685",
        "name:ru": "Слоновая ферма",
        "tourism": "attraction"
      },
      "geometry": {
        "type": "Point",
        "coordinates": [
          80.9265364,
          6.7144319
        ]
      },
      "id": "node/6048120685"
    },
    {
      "type": "Feature",
      "properties": {
        "@id": "node/6074632985",
        "name:en": "Rangallepola",
        "tourism": "viewpoint"
      },
      "geometry": {
        "type": "Point",
        "coordinates": [
          80.2420414,
          7.3939611
        ]
      },
      "id": "node/6074632985"
    },
    {
      "type": "Feature",
      "properties": {
        "@id": "node/6109309487",
        "tourism": "viewpoint"
      },
      "geometry": {
        "type": "Point",
        "coordinates": [
          80.6468033,
          7.2893428
        ]
      },
      "id": "node/6109309487"
    },
    {
      "type": "Feature",
      "properties": {
        "@id": "node/6131886486",
        "name:en": "Secluded Beach",
        "tourism": "viewpoint"
      },
      "geometry": {
        "type": "Point",
        "coordinates": [
          80.4474113,
          5.9455569
        ]
      },
      "id": "node/6131886486"
    },
    {
      "type": "Feature",
      "properties": {
        "@id": "node/6134602817",
        "addr:street": "Melpitiya Rd.",
        "name": "Alugolla",
        "tourism": "attraction"
      },
      "geometry": {
        "type": "Point",
        "coordinates": [
          80.6352823,
          7.6759913
        ]
      },
      "id": "node/6134602817"
    },
    {
      "type": "Feature",
      "properties": {
        "@id": "node/6137618687",
        "name:en": "Lake viewpoint",
        "name:ru": "Озеро с красивым видом",
        "tourism": "viewpoint"
      },
      "geometry": {
        "type": "Point",
        "coordinates": [
          80.8004005,
          7.2437542
        ]
      },
      "id": "node/6137618687"
    },
    {
      "type": "Feature",
      "properties": {
        "@id": "node/6144326492",
        "addr:street": "Jaffna - Kandy Road",
        "name": "Aluvihare Walauwe",
        "tourism": "museum"
      },
      "geometry": {
        "type": "Point",
        "coordinates": [
          80.6214951,
          7.4891722
        ]
      },
      "id": "node/6144326492"
    },
    {
      "type": "Feature",
      "properties": {
        "@id": "node/6151874578",
        "description": "Kottawa low-land rainforest and arboretum",
        "name:en": "Kottawa Rainforest and Arboretum",
        "opening_hours": "Mo-Su 08:00-17:00",
        "tourism": "attraction"
      },
      "geometry": {
        "type": "Point",
        "coordinates": [
          80.3123094,
          6.0973686
        ]
      },
      "id": "node/6151874578"
    },
    {
      "type": "Feature",
      "properties": {
        "@id": "node/6159506917",
        "name": "Wilpothuwewa Bridge",
        "tourism": "viewpoint"
      },
      "geometry": {
        "type": "Point",
        "coordinates": [
          79.9983886,
          7.6975714
        ]
      },
      "id": "node/6159506917"
    },
    {
      "type": "Feature",
      "properties": {
        "@id": "node/6169941620",
        "name": "Panama Wewa Viewpoint",
        "natural": "rock",
        "tourism": "attraction"
      },
      "geometry": {
        "type": "Point",
        "coordinates": [
          81.7736302,
          6.7538932
        ]
      },
      "id": "node/6169941620"
    },
    {
      "type": "Feature",
      "properties": {
        "@id": "node/6169995089",
        "name": "Senanayaka Samudraya Spilling Point",
        "tourism": "viewpoint"
      },
      "geometry": {
        "type": "Point",
        "coordinates": [
          81.5330477,
          7.2230621
        ]
      },
      "id": "node/6169995089"
    },
    {
      "type": "Feature",
      "properties": {
        "@id": "node/6181333585",
        "tourism": "viewpoint"
      },
      "geometry": {
        "type": "Point",
        "coordinates": [
          80.808403,
          7.3922356
        ]
      },
      "id": "node/6181333585"
    },
    {
      "type": "Feature",
      "properties": {
        "@id": "node/6181333586",
        "name:en": "Second Knuckles Peak",
        "tourism": "viewpoint"
      },
      "geometry": {
        "type": "Point",
        "coordinates": [
          80.8096063,
          7.3965151
        ]
      },
      "id": "node/6181333586"
    },
    {
      "type": "Feature",
      "properties": {
        "@id": "node/6181334785",
        "name:en": "unnamed",
        "tourism": "viewpoint"
      },
      "geometry": {
        "type": "Point",
        "coordinates": [
          80.8164152,
          7.3650399
        ]
      },
      "id": "node/6181334785"
    },
    {
      "type": "Feature",
      "properties": {
        "@id": "node/6183477765",
        "castle_type": "manor",
        "historic": "castle",
        "name": "Dorric Fort",
        "ruins": "yes",
        "tourism": "attraction",
        "wikipedia": "en:Doric Bungalow"
      },
      "geometry": {
        "type": "Point",
        "coordinates": [
          79.9343729,
          8.7809448
        ]
      },
      "id": "node/6183477765"
    },
    {
      "type": "Feature",
      "properties": {
        "@id": "node/6202677542",
        "name": "Golumale Stream",
        "tourism": "attraction"
      },
      "geometry": {
        "type": "Point",
        "coordinates": [
          80.9410933,
          7.0921695
        ]
      },
      "id": "node/6202677542"
    },
    {
      "type": "Feature",
      "properties": {
        "@id": "node/6216646589",
        "tourism": "attraction"
      },
      "geometry": {
        "type": "Point",
        "coordinates": [
          80.5488655,
          7.246087
        ]
      },
      "id": "node/6216646589"
    },
    {
      "type": "Feature",
      "properties": {
        "@id": "node/6218908687",
        "name:en": "Keeri beach",
        "tourism": "attraction"
      },
      "geometry": {
        "type": "Point",
        "coordinates": [
          79.8724415,
          8.9827155
        ]
      },
      "id": "node/6218908687"
    },
    {
      "type": "Feature",
      "properties": {
        "@id": "node/6220669885",
        "name:it": "Piantagioni di Tè",
        "name:ru": "чайная плантация Rothschild",
        "tourism": "viewpoint"
      },
      "geometry": {
        "type": "Point",
        "coordinates": [
          80.648669,
          7.0950064
        ]
      },
      "id": "node/6220669885"
    },
    {
      "type": "Feature",
      "properties": {
        "@id": "node/6222604385",
        "tourism": "viewpoint"
      },
      "geometry": {
        "type": "Point",
        "coordinates": [
          80.75511,
          7.9682586
        ]
      },
      "id": "node/6222604385"
    },
    {
      "type": "Feature",
      "properties": {
        "@id": "node/6235337387",
        "addr:housenumber": "Silvermere, 126",
        "addr:street": "W A Silva Mawatha",
        "fee": "no",
        "name": "W A Silva Museum",
        "opening_hours": "Tu-Th, Sa, Su 10:00-17:00",
        "tourism": "museum",
        "website": "wasilva.org"
      },
      "geometry": {
        "type": "Point",
        "coordinates": [
          79.866842,
          6.8766665
        ]
      },
      "id": "node/6235337387"
    },
    {
      "type": "Feature",
      "properties": {
        "@id": "node/6235694145",
        "layer": "-1",
        "name": "Singimale Tunnel",
        "tourism": "viewpoint"
      },
      "geometry": {
        "type": "Point",
        "coordinates": [
          80.607352,
          6.9022828
        ]
      },
      "id": "node/6235694145"
    },
    {
      "type": "Feature",
      "properties": {
        "@id": "node/6235694146",
        "layer": "-1",
        "name": "Singimale Tunnel",
        "tourism": "viewpoint"
      },
      "geometry": {
        "type": "Point",
        "coordinates": [
          80.604592,
          6.8980942
        ]
      },
      "id": "node/6235694146"
    },
    {
      "type": "Feature",
      "properties": {
        "@id": "node/6241503885",
        "name:en": "Asupini Ella Waterfall viewpoint",
        "tourism": "viewpoint"
      },
      "geometry": {
        "type": "Point",
        "coordinates": [
          80.4836326,
          7.1185941
        ]
      },
      "id": "node/6241503885"
    },
    {
      "type": "Feature",
      "properties": {
        "@id": "node/6245949085",
        "name": "Kabaragala Peak Viewpoint",
        "tourism": "viewpoint"
      },
      "geometry": {
        "type": "Point",
        "coordinates": [
          80.5136336,
          7.0722251
        ]
      },
      "id": "node/6245949085"
    },
    {
      "type": "Feature",
      "properties": {
        "@id": "node/6251021786",
        "name:en": "Flyvina - zipline",
        "tourism": "attraction"
      },
      "geometry": {
        "type": "Point",
        "coordinates": [
          81.0621285,
          6.8659937
        ]
      },
      "id": "node/6251021786"
    },
    {
      "type": "Feature",
      "properties": {
        "@id": "node/6257451771",
        "name": "Archeological Museum",
        "tourism": "museum"
      },
      "geometry": {
        "type": "Point",
        "coordinates": [
          81.107282,
          6.6912811
        ]
      },
      "id": "node/6257451771"
    },
    {
      "type": "Feature",
      "properties": {
        "@id": "node/6267498009",
        "name": "Birds Information Center",
        "tourism": "viewpoint"
      },
      "geometry": {
        "type": "Point",
        "coordinates": [
          81.7058887,
          6.5291643
        ]
      },
      "id": "node/6267498009"
    },
    {
      "type": "Feature",
      "properties": {
        "@id": "node/6273572085",
        "name": "Palm rope swing.",
        "name:en": "Paid Palm Rope Swing",
        "name:ru": "Платная Тарзанка",
        "tourism": "attraction"
      },
      "geometry": {
        "type": "Point",
        "coordinates": [
          80.2600697,
          6.0013739
        ]
      },
      "id": "node/6273572085"
    },
    {
      "type": "Feature",
      "properties": {
        "@id": "node/6273572086",
        "name": "Ship Rock",
        "tourism": "attraction"
      },
      "geometry": {
        "type": "Point",
        "coordinates": [
          80.2620853,
          6.0001929
        ]
      },
      "id": "node/6273572086"
    },
    {
      "type": "Feature",
      "properties": {
        "@id": "node/6301206992",
        "name:en": "Ravana Falls",
        "tourism": "viewpoint"
      },
      "geometry": {
        "type": "Point",
        "coordinates": [
          81.0550963,
          6.8411694
        ]
      },
      "id": "node/6301206992"
    },
    {
      "type": "Feature",
      "properties": {
        "@id": "node/6302898085",
        "name": "Demodara Train Viewing Point",
        "tourism": "viewpoint"
      },
      "geometry": {
        "type": "Point",
        "coordinates": [
          81.0518427,
          6.9036287
        ]
      },
      "id": "node/6302898085"
    },
    {
      "type": "Feature",
      "properties": {
        "@id": "node/6304966311",
        "name:en": "Baobab tree",
        "name:ta": "பெருக்க மரம்",
        "tourism": "attraction"
      },
      "geometry": {
        "type": "Point",
        "coordinates": [
          79.7154119,
          9.5124584
        ]
      },
      "id": "node/6304966311"
    },
    {
      "type": "Feature",
      "properties": {
        "@id": "node/6304972688",
        "name:en": "Dutch Hospital",
        "tourism": "attraction"
      },
      "geometry": {
        "type": "Point",
        "coordinates": [
          79.702829,
          9.5271318
        ]
      },
      "id": "node/6304972688"
    },
    {
      "type": "Feature",
      "properties": {
        "@id": "node/6305117585",
        "name:en": "Dutch Horse stable",
        "tourism": "attraction"
      },
      "geometry": {
        "type": "Point",
        "coordinates": [
          79.6580513,
          9.5169717
        ]
      },
      "id": "node/6305117585"
    },
    {
      "type": "Feature",
      "properties": {
        "@id": "node/6308020582",
        "tourism": "viewpoint"
      },
      "geometry": {
        "type": "Point",
        "coordinates": [
          81.0457847,
          6.8635719
        ]
      },
      "id": "node/6308020582"
    },
    {
      "type": "Feature",
      "properties": {
        "@id": "node/6315702786",
        "name:en": "Big Tree",
        "tourism": "attraction"
      },
      "geometry": {
        "type": "Point",
        "coordinates": [
          80.6604194,
          8.118275
        ]
      },
      "id": "node/6315702786"
    },
    {
      "type": "Feature",
      "properties": {
        "@id": "node/6320376070",
        "name": "Narangala Mountain Viewpoint",
        "tourism": "viewpoint"
      },
      "geometry": {
        "type": "Point",
        "coordinates": [
          81.0086238,
          7.0369557
        ]
      },
      "id": "node/6320376070"
    },
    {
      "type": "Feature",
      "properties": {
        "@id": "node/6325660489",
        "name:en": "Dive Seenigama Dive Lanka",
        "tourism": "attraction"
      },
      "geometry": {
        "type": "Point",
        "coordinates": [
          80.0919254,
          6.1583507
        ]
      },
      "id": "node/6325660489"
    },
    {
      "type": "Feature",
      "properties": {
        "@id": "node/6326686085",
        "name": "Sri Pada Falls Viewpoint",
        "tourism": "viewpoint"
      },
      "geometry": {
        "type": "Point",
        "coordinates": [
          80.5518171,
          6.799745
        ]
      },
      "id": "node/6326686085"
    },
    {
      "type": "Feature",
      "properties": {
        "@id": "node/6328536587",
        "name:en": "Water Pools",
        "tourism": "attraction"
      },
      "geometry": {
        "type": "Point",
        "coordinates": [
          81.0325218,
          6.7355669
        ]
      },
      "id": "node/6328536587"
    },
    {
      "type": "Feature",
      "properties": {
        "@id": "node/6328894486",
        "name:en": "Tea Plantation View",
        "tourism": "viewpoint"
      },
      "geometry": {
        "type": "Point",
        "coordinates": [
          80.6231213,
          6.9325455
        ]
      },
      "id": "node/6328894486"
    },
    {
      "type": "Feature",
      "properties": {
        "@id": "node/6346741716",
        "name": "Kokagala",
        "tourism": "viewpoint"
      },
      "geometry": {
        "type": "Point",
        "coordinates": [
          81.1440593,
          7.0899852
        ]
      },
      "id": "node/6346741716"
    },
    {
      "type": "Feature",
      "properties": {
        "@id": "node/6347257886",
        "name:en": "Asupini Ella Falls",
        "tourism": "viewpoint"
      },
      "geometry": {
        "type": "Point",
        "coordinates": [
          80.4834808,
          7.1186864
        ]
      },
      "id": "node/6347257886"
    },
    {
      "type": "Feature",
      "properties": {
        "@id": "node/6366843085",
        "name": "Surf Control - Surf School & Stuff",
        "tourism": "attraction"
      },
      "geometry": {
        "type": "Point",
        "coordinates": [
          80.1044062,
          6.1276002
        ]
      },
      "id": "node/6366843085"
    },
    {
      "type": "Feature",
      "properties": {
        "@id": "node/6371399387",
        "name:en": "Baobab",
        "name:fr": "Baobab",
        "tourism": "attraction"
      },
      "geometry": {
        "type": "Point",
        "coordinates": [
          79.8087433,
          9.6050061
        ]
      },
      "id": "node/6371399387"
    },
    {
      "type": "Feature",
      "properties": {
        "@id": "node/6398623280",
        "name": "Pahan Gala Viewpoint",
        "tourism": "viewpoint"
      },
      "geometry": {
        "type": "Point",
        "coordinates": [
          80.490877,
          7.5297338
        ]
      },
      "id": "node/6398623280"
    },
    {
      "type": "Feature",
      "properties": {
        "@id": "node/6405730587",
        "tourism": "attraction"
      },
      "geometry": {
        "type": "Point",
        "coordinates": [
          79.7258092,
          9.5005981
        ]
      },
      "id": "node/6405730587"
    },
    {
      "type": "Feature",
      "properties": {
        "@id": "node/6432569785",
        "description": "Natural Pool",
        "tourism": "viewpoint"
      },
      "geometry": {
        "type": "Point",
        "coordinates": [
          81.3245632,
          6.2010858
        ]
      },
      "id": "node/6432569785"
    },
    {
      "type": "Feature",
      "properties": {
        "@id": "node/6444294187",
        "tourism": "viewpoint"
      },
      "geometry": {
        "type": "Point",
        "coordinates": [
          80.8714263,
          7.461679
        ]
      },
      "id": "node/6444294187"
    },
    {
      "type": "Feature",
      "properties": {
        "@id": "node/6447354887",
        "description": "Elephant bath and natural swimming pools",
        "tourism": "viewpoint"
      },
      "geometry": {
        "type": "Point",
        "coordinates": [
          80.3854715,
          7.2993649
        ]
      },
      "id": "node/6447354887"
    },
    {
      "type": "Feature",
      "properties": {
        "@id": "node/6451410387",
        "name:ca": "Baobab de Punguduthivu",
        "name:en": "Punguduthivu Baobab Tree",
        "tourism": "attraction"
      },
      "geometry": {
        "type": "Point",
        "coordinates": [
          79.8087971,
          9.6049098
        ]
      },
      "id": "node/6451410387"
    },
    {
      "type": "Feature",
      "properties": {
        "@id": "node/6461934689",
        "name:en": "Pigeon nest",
        "tourism": "attraction"
      },
      "geometry": {
        "type": "Point",
        "coordinates": [
          79.7027238,
          9.5278434
        ]
      },
      "id": "node/6461934689"
    },
    {
      "type": "Feature",
      "properties": {
        "@id": "node/6486247688",
        "name:en": "Island Scuba",
        "name:fr": "Island Scuba",
        "tourism": "attraction"
      },
      "geometry": {
        "type": "Point",
        "coordinates": [
          79.8609148,
          6.8542187
        ]
      },
      "id": "node/6486247688"
    },
    {
      "type": "Feature",
      "properties": {
        "@id": "node/6620896189",
        "name:en": "Dondra Point",
        "tourism": "viewpoint"
      },
      "geometry": {
        "type": "Point",
        "coordinates": [
          80.5916227,
          5.9192089
        ]
      },
      "id": "node/6620896189"
    },
    {
      "type": "Feature",
      "properties": {
        "@id": "node/6620925485",
        "name:en": "Spice Island",
        "tourism": "viewpoint"
      },
      "geometry": {
        "type": "Point",
        "coordinates": [
          80.3213784,
          6.003626
        ]
      },
      "id": "node/6620925485"
    },
    {
      "type": "Feature",
      "properties": {
        "@id": "node/6627275337",
        "name": "Waulpane Cave",
        "tourism": "viewpoint"
      },
      "geometry": {
        "type": "Point",
        "coordinates": [
          80.7328816,
          6.4249508
        ]
      },
      "id": "node/6627275337"
    },
    {
      "type": "Feature",
      "properties": {
        "@id": "node/6631127186",
        "name:en": "viewpoint rock",
        "tourism": "viewpoint"
      },
      "geometry": {
        "type": "Point",
        "coordinates": [
          81.0499207,
          6.8591283
        ]
      },
      "id": "node/6631127186"
    },
    {
      "type": "Feature",
      "properties": {
        "@id": "node/6631957185",
        "name:en": "Victoria Dam",
        "tourism": "viewpoint"
      },
      "geometry": {
        "type": "Point",
        "coordinates": [
          80.78497,
          7.2413421
        ]
      },
      "id": "node/6631957185"
    },
    {
      "type": "Feature",
      "properties": {
        "@id": "node/6632682803",
        "description": "Knuckles Forest - Ududumbara",
        "name": "Kalupahana",
        "tourism": "viewpoint"
      },
      "geometry": {
        "type": "Point",
        "coordinates": [
          80.8084003,
          7.4415776
        ]
      },
      "id": "node/6632682803"
    },
    {
      "type": "Feature",
      "properties": {
        "@id": "node/6632682805",
        "name": "Meemure Lakegala Hiking Area",
        "tourism": "attraction"
      },
      "geometry": {
        "type": "Point",
        "coordinates": [
          80.842701,
          7.4595359
        ]
      },
      "id": "node/6632682805"
    },
    {
      "type": "Feature",
      "properties": {
        "@id": "node/6632683387",
        "name": "Heen Gaga Natural Pool",
        "tourism": "attraction"
      },
      "geometry": {
        "type": "Point",
        "coordinates": [
          80.8463495,
          7.420077
        ]
      },
      "id": "node/6632683387"
    },
    {
      "type": "Feature",
      "properties": {
        "@id": "node/6632683388",
        "name": "Confluence Waterfall And Natural Pool",
        "tourism": "attraction"
      },
      "geometry": {
        "type": "Point",
        "coordinates": [
          80.84735,
          7.4201408
        ]
      },
      "id": "node/6632683388"
    },
    {
      "type": "Feature",
      "properties": {
        "@id": "node/6632683390",
        "name": "Sliding Rock",
        "tourism": "attraction"
      },
      "geometry": {
        "type": "Point",
        "coordinates": [
          80.8581517,
          7.4361229
        ]
      },
      "id": "node/6632683390"
    },
    {
      "type": "Feature",
      "properties": {
        "@id": "node/6633201420",
        "name:en": "Viewpoint railway trek",
        "tourism": "viewpoint"
      },
      "geometry": {
        "type": "Point",
        "coordinates": [
          80.9165403,
          6.777886
        ]
      },
      "id": "node/6633201420"
    },
    {
      "type": "Feature",
      "properties": {
        "@id": "node/6635159486",
        "name:en": "Viewpoint",
        "tourism": "viewpoint"
      },
      "geometry": {
        "type": "Point",
        "coordinates": [
          80.9974001,
          6.7842078
        ]
      },
      "id": "node/6635159486"
    },
    {
      "type": "Feature",
      "properties": {
        "@id": "node/6635168385",
        "name:en": "Viewpoint",
        "tourism": "viewpoint"
      },
      "geometry": {
        "type": "Point",
        "coordinates": [
          80.9751731,
          6.7630626
        ]
      },
      "id": "node/6635168385"
    },
    {
      "type": "Feature",
      "properties": {
        "@id": "node/6640429685",
        "tourism": "viewpoint"
      },
      "geometry": {
        "type": "Point",
        "coordinates": [
          80.6443047,
          7.2940953
        ]
      },
      "id": "node/6640429685"
    },
    {
      "type": "Feature",
      "properties": {
        "@id": "node/6649955785",
        "historic": "ruins",
        "name:en": "Ruins",
        "name:fr": "Ruines",
        "tourism": "attraction"
      },
      "geometry": {
        "type": "Point",
        "coordinates": [
          80.7488254,
          7.9581412
        ]
      },
      "id": "node/6649955785"
    },
    {
      "type": "Feature",
      "properties": {
        "@id": "node/6652869683",
        "name:en": "Ruins",
        "name:fr": "Ruines",
        "tourism": "attraction"
      },
      "geometry": {
        "type": "Point",
        "coordinates": [
          80.9942695,
          7.9513899
        ]
      },
      "id": "node/6652869683"
    },
    {
      "type": "Feature",
      "properties": {
        "@id": "node/6665263387",
        "addr:street": "Diyatalawa-Mirahawatta Road",
        "name": "Belipola Arboretum",
        "phone": "+94 572 245 033",
        "tourism": "attraction",
        "website": "https://www.belipolaarboretum.earth/"
      },
      "geometry": {
        "type": "Point",
        "coordinates": [
          80.9494456,
          6.8598843
        ]
      },
      "id": "node/6665263387"
    },
    {
      "type": "Feature",
      "properties": {
        "@id": "node/6673229487",
        "tourism": "viewpoint"
      },
      "geometry": {
        "type": "Point",
        "coordinates": [
          80.2368247,
          6.0166394
        ]
      },
      "id": "node/6673229487"
    },
    {
      "type": "Feature",
      "properties": {
        "@id": "node/6683049985",
        "name:en": "Ruins Main Residential Complex",
        "name:fr": "Résidence principale du monastère",
        "tourism": "attraction"
      },
      "geometry": {
        "type": "Point",
        "coordinates": [
          80.3930744,
          8.3677261
        ]
      },
      "id": "node/6683049985"
    },
    {
      "type": "Feature",
      "properties": {
        "@id": "node/6687613887",
        "name": "Mahinda cave",
        "name:fr": "Grotte de Mahinda",
        "tourism": "attraction"
      },
      "geometry": {
        "type": "Point",
        "coordinates": [
          80.5197119,
          8.3522427
        ]
      },
      "id": "node/6687613887"
    },
    {
      "type": "Feature",
      "properties": {
        "@id": "node/6690059986",
        "name": "Ruins",
        "name:fr": "Ruines",
        "tourism": "attraction"
      },
      "geometry": {
        "type": "Point",
        "coordinates": [
          80.4131871,
          8.3479334
        ]
      },
      "id": "node/6690059986"
    },
    {
      "type": "Feature",
      "properties": {
        "@id": "node/6690060085",
        "name:en": "Ruins",
        "name:fr": "Ruines",
        "tourism": "attraction"
      },
      "geometry": {
        "type": "Point",
        "coordinates": [
          80.4279432,
          8.3551703
        ]
      },
      "id": "node/6690060085"
    },
    {
      "type": "Feature",
      "properties": {
        "@id": "node/6702565385",
        "name:en": "Ruins",
        "name:fr": "Ruines",
        "tourism": "attraction"
      },
      "geometry": {
        "type": "Point",
        "coordinates": [
          80.105187,
          7.5969922
        ]
      },
      "id": "node/6702565385"
    },
    {
      "type": "Feature",
      "properties": {
        "@id": "node/6702869775",
        "addr:city": "Badulla",
        "addr:street": "Badulla - Bandarawela Road",
        "name": "Dutch Fort",
        "tourism": "attraction"
      },
      "geometry": {
        "type": "Point",
        "coordinates": [
          81.0540106,
          6.9912024
        ]
      },
      "id": "node/6702869775"
    },
    {
      "type": "Feature",
      "properties": {
        "@id": "node/6708885485",
        "name:en": "Nine Arch Bridge viewpoint",
        "tourism": "viewpoint"
      },
      "geometry": {
        "type": "Point",
        "coordinates": [
          81.0614563,
          6.876954
        ]
      },
      "id": "node/6708885485"
    },
    {
      "type": "Feature",
      "properties": {
        "@id": "node/6834003252",
        "tourism": "viewpoint"
      },
      "geometry": {
        "type": "Point",
        "coordinates": [
          80.0740949,
          6.8288299
        ]
      },
      "id": "node/6834003252"
    },
    {
      "type": "Feature",
      "properties": {
        "@id": "node/6837039786",
        "name": "Potani",
        "name:ru": "Потани",
        "tourism": "attraction"
      },
      "geometry": {
        "type": "Point",
        "coordinates": [
          80.7148794,
          7.9373361
        ]
      },
      "id": "node/6837039786"
    },
    {
      "type": "Feature",
      "properties": {
        "@id": "node/6852252385",
        "name:en": "Ajantha",
        "tourism": "viewpoint"
      },
      "geometry": {
        "type": "Point",
        "coordinates": [
          80.4763285,
          6.1012783
        ]
      },
      "id": "node/6852252385"
    },
    {
      "type": "Feature",
      "properties": {
        "@id": "node/7063135687",
        "name": "Stilt Fishermen",
        "tourism": "attraction"
      },
      "geometry": {
        "type": "Point",
        "coordinates": [
          80.4060051,
          5.9585884
        ]
      },
      "id": "node/7063135687"
    },
    {
      "type": "Feature",
      "properties": {
        "@id": "node/7091125986",
        "addr:city": "Anuradhapura",
        "addr:housenumber": "992W+2G9,",
        "addr:street": "Abhayawewa Rd,",
        "name": "Ruwanweli Maha Seya",
        "tourism": "attraction"
      },
      "geometry": {
        "type": "Point",
        "coordinates": [
          80.3963636,
          8.350051
        ]
      },
      "id": "node/7091125986"
    },
    {
      "type": "Feature",
      "properties": {
        "@id": "node/7091125990",
        "name:en": "Plantaz",
        "tourism": "attraction"
      },
      "geometry": {
        "type": "Point",
        "coordinates": [
          80.5478382,
          7.2704061
        ]
      },
      "id": "node/7091125990"
    },
    {
      "type": "Feature",
      "properties": {
        "@id": "node/7091125991",
        "name:en": "Kešu",
        "tourism": "attraction"
      },
      "geometry": {
        "type": "Point",
        "coordinates": [
          80.1328856,
          7.1848795
        ]
      },
      "id": "node/7091125991"
    },
    {
      "type": "Feature",
      "properties": {
        "@id": "node/7091126087",
        "tourism": "attraction"
      },
      "geometry": {
        "type": "Point",
        "coordinates": [
          80.5497354,
          7.2691357
        ]
      },
      "id": "node/7091126087"
    },
    {
      "type": "Feature",
      "properties": {
        "@id": "node/7092873462",
        "tourism": "viewpoint"
      },
      "geometry": {
        "type": "Point",
        "coordinates": [
          81.0440118,
          6.8631436
        ]
      },
      "id": "node/7092873462"
    },
    {
      "type": "Feature",
      "properties": {
        "@id": "node/7099295299",
        "aircraft:type": "Hewker Siddeley HS748 Series 2A (AVRO)",
        "historic": "aircraft",
        "start_date": "1968",
        "tourism": "attraction"
      },
      "geometry": {
        "type": "Point",
        "coordinates": [
          81.2272678,
          6.2515472
        ]
      },
      "id": "node/7099295299"
    },
    {
      "type": "Feature",
      "properties": {
        "@id": "node/7101435261",
        "tourism": "viewpoint"
      },
      "geometry": {
        "type": "Point",
        "coordinates": [
          80.7420008,
          7.9407419
        ]
      },
      "id": "node/7101435261"
    },
    {
      "type": "Feature",
      "properties": {
        "@id": "node/7107928945",
        "direction": "20",
        "name": "Leopard rock",
        "tourism": "viewpoint"
      },
      "geometry": {
        "type": "Point",
        "coordinates": [
          80.8105895,
          7.3889981
        ]
      },
      "id": "node/7107928945"
    },
    {
      "type": "Feature",
      "properties": {
        "@id": "node/7108864185",
        "name": "Stick Fishermen",
        "tourism": "attraction"
      },
      "geometry": {
        "type": "Point",
        "coordinates": [
          80.3680142,
          5.9699302
        ]
      },
      "id": "node/7108864185"
    },
    {
      "type": "Feature",
      "properties": {
        "@id": "node/7114095185",
        "name:cs": "Vyhlídka na ptačí hnízdění",
        "name:en": "Bird view point",
        "tourism": "viewpoint"
      },
      "geometry": {
        "type": "Point",
        "coordinates": [
          81.2758121,
          6.288763
        ]
      },
      "id": "node/7114095185"
    },
    {
      "type": "Feature",
      "properties": {
        "@id": "node/7146966586",
        "tourism": "viewpoint"
      },
      "geometry": {
        "type": "Point",
        "coordinates": [
          81.0630102,
          6.8775344
        ]
      },
      "id": "node/7146966586"
    },
    {
      "type": "Feature",
      "properties": {
        "@id": "node/7157873785",
        "tourism": "viewpoint"
      },
      "geometry": {
        "type": "Point",
        "coordinates": [
          81.0479138,
          6.8715467
        ]
      },
      "id": "node/7157873785"
    },
    {
      "type": "Feature",
      "properties": {
        "@id": "node/7164398696",
        "name:en": "Tank",
        "tourism": "attraction"
      },
      "geometry": {
        "type": "Point",
        "coordinates": [
          80.8372949,
          6.4650524
        ]
      },
      "id": "node/7164398696"
    },
    {
      "type": "Feature",
      "properties": {
        "@id": "node/7164398705",
        "name:en": "Tank 2",
        "tourism": "attraction"
      },
      "geometry": {
        "type": "Point",
        "coordinates": [
          80.8609927,
          6.3112543
        ]
      },
      "id": "node/7164398705"
    },
    {
      "type": "Feature",
      "properties": {
        "@id": "node/7164398786",
        "name:en": "udawalawe reservoir 1",
        "tourism": "attraction"
      },
      "geometry": {
        "type": "Point",
        "coordinates": [
          80.8406391,
          6.4580984
        ]
      },
      "id": "node/7164398786"
    },
    {
      "type": "Feature",
      "properties": {
        "@id": "node/7164398790",
        "name:en": "Tank 3",
        "tourism": "attraction"
      },
      "geometry": {
        "type": "Point",
        "coordinates": [
          80.7914233,
          6.6751497
        ]
      },
      "id": "node/7164398790"
    },
    {
      "type": "Feature",
      "properties": {
        "@id": "node/7164398894",
        "name:en": "tank",
        "tourism": "attraction"
      },
      "geometry": {
        "type": "Point",
        "coordinates": [
          80.8410149,
          6.4525751
        ]
      },
      "id": "node/7164398894"
    },
    {
      "type": "Feature",
      "properties": {
        "@id": "node/7171132885",
        "name:en": "Tea plantations",
        "tourism": "viewpoint"
      },
      "geometry": {
        "type": "Point",
        "coordinates": [
          80.7405615,
          7.0027264
        ]
      },
      "id": "node/7171132885"
    },
    {
      "type": "Feature",
      "properties": {
        "@id": "node/7171463986",
        "tourism": "viewpoint"
      },
      "geometry": {
        "type": "Point",
        "coordinates": [
          80.9632444,
          6.7855099
        ]
      },
      "id": "node/7171463986"
    },
    {
      "type": "Feature",
      "properties": {
        "@id": "node/7171516185",
        "name:en": "Adma Agro Strawberry Farm",
        "opening_hours": "Mo-Su 07:30-18:30",
        "tourism": "attraction"
      },
      "geometry": {
        "type": "Point",
        "coordinates": [
          80.7165567,
          7.029118
        ]
      },
      "id": "node/7171516185"
    },
    {
      "type": "Feature",
      "properties": {
        "@id": "node/7178405688",
        "name:en": "Hanging bridge",
        "name:ru": "Висячий мост",
        "tourism": "attraction"
      },
      "geometry": {
        "type": "Point",
        "coordinates": [
          81.0523456,
          6.8357172
        ]
      },
      "id": "node/7178405688"
    },
    {
      "type": "Feature",
      "properties": {
        "@id": "node/7192618885",
        "tourism": "viewpoint"
      },
      "geometry": {
        "type": "Point",
        "coordinates": [
          81.0478271,
          6.8588441
        ]
      },
      "id": "node/7192618885"
    },
    {
      "type": "Feature",
      "properties": {
        "@id": "node/7194678488",
        "name:en": "Carved Rock",
        "tourism": "viewpoint"
      },
      "geometry": {
        "type": "Point",
        "coordinates": [
          80.7586475,
          7.9585864
        ]
      },
      "id": "node/7194678488"
    },
    {
      "type": "Feature",
      "properties": {
        "@id": "node/7194678489",
        "name": "Preaching Rock",
        "natural": "rock",
        "tourism": "attraction"
      },
      "geometry": {
        "type": "Point",
        "coordinates": [
          80.7586264,
          7.9584831
        ]
      },
      "id": "node/7194678489"
    },
    {
      "type": "Feature",
      "properties": {
        "@id": "node/7194686985",
        "name:en": "Aligala Cave",
        "tourism": "viewpoint"
      },
      "geometry": {
        "type": "Point",
        "coordinates": [
          80.7617799,
          7.9573289
        ]
      },
      "id": "node/7194686985"
    },
    {
      "type": "Feature",
      "properties": {
        "@id": "node/7194686986",
        "name:en": "Rock with Holes",
        "tourism": "viewpoint"
      },
      "geometry": {
        "type": "Point",
        "coordinates": [
          80.7602134,
          7.958358
        ]
      },
      "id": "node/7194686986"
    },
    {
      "type": "Feature",
      "properties": {
        "@id": "node/7196779985",
        "tourism": "viewpoint"
      },
      "geometry": {
        "type": "Point",
        "coordinates": [
          81.0479352,
          6.864537
        ]
      },
      "id": "node/7196779985"
    },
    {
      "type": "Feature",
      "properties": {
        "@id": "node/7211826885",
        "name:en": "wow lake",
        "tourism": "attraction"
      },
      "geometry": {
        "type": "Point",
        "coordinates": [
          80.7687674,
          8.030803
        ]
      },
      "id": "node/7211826885"
    },
    {
      "type": "Feature",
      "properties": {
        "@id": "node/7235166533",
        "direction": "0-360",
        "tourism": "viewpoint"
      },
      "geometry": {
        "type": "Point",
        "coordinates": [
          80.0366586,
          6.2905731
        ]
      },
      "id": "node/7235166533"
    },
    {
      "type": "Feature",
      "properties": {
        "@id": "node/7235296085",
        "name:en": "Entrance Hurulu Eco Park",
        "tourism": "attraction"
      },
      "geometry": {
        "type": "Point",
        "coordinates": [
          80.7701177,
          8.0581698
        ]
      },
      "id": "node/7235296085"
    },
    {
      "type": "Feature",
      "properties": {
        "@id": "node/7235296185",
        "direction": "0-360",
        "name": "Viewpoint Hurulu Eco Park",
        "tourism": "viewpoint"
      },
      "geometry": {
        "type": "Point",
        "coordinates": [
          80.8036939,
          8.1214385
        ]
      },
      "id": "node/7235296185"
    },
    {
      "type": "Feature",
      "properties": {
        "@id": "node/7255150485",
        "name:en": "Trees with a lot of bats",
        "tourism": "attraction"
      },
      "geometry": {
        "type": "Point",
        "coordinates": [
          81.2769551,
          6.2878465
        ]
      },
      "id": "node/7255150485"
    },
    {
      "type": "Feature",
      "properties": {
        "@id": "node/7257129485",
        "name": "Growing Stone",
        "tourism": "attraction"
      },
      "geometry": {
        "type": "Point",
        "coordinates": [
          79.7211376,
          9.5203414
        ]
      },
      "id": "node/7257129485"
    },
    {
      "type": "Feature",
      "properties": {
        "@id": "node/7324580577",
        "name": "Shark view point",
        "tourism": "viewpoint"
      },
      "geometry": {
        "type": "Point",
        "coordinates": [
          80.0997773,
          6.1314908
        ]
      },
      "id": "node/7324580577"
    },
    {
      "type": "Feature",
      "properties": {
        "@id": "node/7373309394",
        "name": "Handapan Ella Falls",
        "name:si": "හඳපාන් ඇල්ල",
        "tourism": "attraction",
        "waterway": "waterfall"
      },
      "geometry": {
        "type": "Point",
        "coordinates": [
          80.5835822,
          6.444556
        ]
      },
      "id": "node/7373309394"
    },
    {
      "type": "Feature",
      "properties": {
        "@id": "node/7462987754",
        "name": "Arisimalai Fishing Point",
        "tourism": "attraction"
      },
      "geometry": {
        "type": "Point",
        "coordinates": [
          81.0048956,
          8.9354345
        ]
      },
      "id": "node/7462987754"
    },
    {
      "type": "Feature",
      "properties": {
        "@id": "node/7462987755",
        "name": "Arisimale Beach",
        "tourism": "viewpoint"
      },
      "geometry": {
        "type": "Point",
        "coordinates": [
          81.0072988,
          8.9364573
        ]
      },
      "id": "node/7462987755"
    },
    {
      "type": "Feature",
      "properties": {
        "@id": "node/7629941568",
        "addr:hamlet": "Hatale",
        "addr:street": "Katugastota-Bambarella Road",
        "name": "Hatale Patana World's End",
        "tourism": "viewpoint"
      },
      "geometry": {
        "type": "Point",
        "coordinates": [
          80.7226065,
          7.3826592
        ]
      },
      "id": "node/7629941568"
    },
    {
      "type": "Feature",
      "properties": {
        "@id": "node/7629946174",
        "addr:hamlet": "Kelabokka",
        "addr:street": "Madulkelle - Kabaragala - Kandenuwara Road",
        "name": "Kellebokka State Viewpoint",
        "tourism": "viewpoint"
      },
      "geometry": {
        "type": "Point",
        "coordinates": [
          80.7121697,
          7.4342524
        ]
      },
      "id": "node/7629946174"
    },
    {
      "type": "Feature",
      "properties": {
        "@id": "node/7637719626",
        "name": "Rathna Ella Waterfall",
        "tourism": "viewpoint"
      },
      "geometry": {
        "type": "Point",
        "coordinates": [
          80.9241449,
          7.3754749
        ]
      },
      "id": "node/7637719626"
    },
    {
      "type": "Feature",
      "properties": {
        "@id": "node/7660344426",
        "name": "Sapumalgaskada Ancient Temple",
        "tourism": "viewpoint"
      },
      "geometry": {
        "type": "Point",
        "coordinates": [
          80.6555209,
          8.8963125
        ]
      },
      "id": "node/7660344426"
    },
    {
      "type": "Feature",
      "properties": {
        "@id": "node/7674646273",
        "addr:hamlet": "West Haputale",
        "addr:street": "Ohiya - Kalupahana Road",
        "name": "Devil's Starcase",
        "tourism": "viewpoint"
      },
      "geometry": {
        "type": "Point",
        "coordinates": [
          80.8414023,
          6.8003302
        ]
      },
      "id": "node/7674646273"
    },
    {
      "type": "Feature",
      "properties": {
        "@id": "node/7684607839",
        "addr:street": "Nonpareil Estate Road",
        "addr:village": "Nonperil State",
        "alt_name": "Bakers Bend",
        "ele": "1524",
        "name": "Baker's Bend",
        "tourism": "viewpoint"
      },
      "geometry": {
        "type": "Point",
        "coordinates": [
          80.7836272,
          6.7608756
        ]
      },
      "id": "node/7684607839"
    },
    {
      "type": "Feature",
      "properties": {
        "@id": "node/7798411993",
        "natural": "rock",
        "tourism": "viewpoint"
      },
      "geometry": {
        "type": "Point",
        "coordinates": [
          80.0733421,
          6.8265594
        ]
      },
      "id": "node/7798411993"
    },
    {
      "type": "Feature",
      "properties": {
        "@id": "node/7823767367",
        "name": "Halamba Iron Bridge",
        "start_date": "1919",
        "tourism": "viewpoint"
      },
      "geometry": {
        "type": "Point",
        "coordinates": [
          80.9853827,
          6.9970403
        ]
      },
      "id": "node/7823767367"
    },
    {
      "type": "Feature",
      "properties": {
        "@id": "node/7905101876",
        "addr:city": "Nuwara Eliya",
        "addr:district": "Nuwara Eliya District",
        "addr:street": "Queen Elizabeth Dr",
        "name": "Mackwoods Museum",
        "tourism": "museum"
      },
      "geometry": {
        "type": "Point",
        "coordinates": [
          80.766188,
          6.972736
        ]
      },
      "id": "node/7905101876"
    },
    {
      "type": "Feature",
      "properties": {
        "@id": "node/7988141619",
        "name": "Kirawanagama Falls",
        "tourism": "attraction",
        "waterway": "waterfall"
      },
      "geometry": {
        "type": "Point",
        "coordinates": [
          80.9317772,
          6.7333028
        ]
      },
      "id": "node/7988141619"
    },
    {
      "type": "Feature",
      "properties": {
        "@id": "node/8144003520",
        "name": "Karagahatenna Transmission Station",
        "tourism": "viewpoint"
      },
      "geometry": {
        "type": "Point",
        "coordinates": [
          80.7137648,
          7.5900283
        ]
      },
      "id": "node/8144003520"
    },
    {
      "type": "Feature",
      "properties": {
        "@id": "node/8144003521",
        "name": "Opalgala Transmission Station",
        "tourism": "viewpoint"
      },
      "geometry": {
        "type": "Point",
        "coordinates": [
          80.7046115,
          7.5886683
        ]
      },
      "id": "node/8144003521"
    },
    {
      "type": "Feature",
      "properties": {
        "@id": "node/8180089780",
        "tourism": "viewpoint"
      },
      "geometry": {
        "type": "Point",
        "coordinates": [
          81.153044,
          6.9546105
        ]
      },
      "id": "node/8180089780"
    },
    {
      "type": "Feature",
      "properties": {
        "@id": "node/8208656008",
        "historic": "ruins",
        "name": "LTTE Leadership Bunker",
        "tourism": "attraction"
      },
      "geometry": {
        "type": "Point",
        "coordinates": [
          80.6855451,
          9.2986714
        ]
      },
      "id": "node/8208656008"
    },
    {
      "type": "Feature",
      "properties": {
        "@id": "node/8235618792",
        "name": "James Taylor's Site",
        "tourism": "viewpoint"
      },
      "geometry": {
        "type": "Point",
        "coordinates": [
          80.7011912,
          7.1481167
        ]
      },
      "id": "node/8235618792"
    },
    {
      "type": "Feature",
      "properties": {
        "@id": "node/8292429534",
        "name": "Dikkande Mansion",
        "tourism": "attraction"
      },
      "geometry": {
        "type": "Point",
        "coordinates": [
          80.0968967,
          7.067806
        ]
      },
      "id": "node/8292429534"
    },
    {
      "type": "Feature",
      "properties": {
        "@id": "node/8304956483",
        "name": "Miunu Ella Waterfall",
        "name:si": "මියුනු ඇල්ල",
        "tourism": "attraction"
      },
      "geometry": {
        "type": "Point",
        "coordinates": [
          80.2653931,
          6.6428272
        ]
      },
      "id": "node/8304956483"
    },
    {
      "type": "Feature",
      "properties": {
        "@id": "node/8463144620",
        "name:en": "4th Peak Knuckles",
        "tourism": "viewpoint"
      },
      "geometry": {
        "type": "Point",
        "coordinates": [
          80.810331,
          7.4009436
        ]
      },
      "id": "node/8463144620"
    },
    {
      "type": "Feature",
      "properties": {
        "@id": "node/8463144621",
        "name:en": "5th Peak Knuckles",
        "tourism": "viewpoint"
      },
      "geometry": {
        "type": "Point",
        "coordinates": [
          80.8091531,
          7.4022112
        ]
      },
      "id": "node/8463144621"
    },
    {
      "type": "Feature",
      "properties": {
        "@id": "node/8498552626",
        "direction": "300",
        "tourism": "viewpoint"
      },
      "geometry": {
        "type": "Point",
        "coordinates": [
          80.6052004,
          7.268765
        ]
      },
      "id": "node/8498552626"
    },
    {
      "type": "Feature",
      "properties": {
        "@id": "node/8506615202",
        "name": "Bathalegala",
        "tourism": "viewpoint"
      },
      "geometry": {
        "type": "Point",
        "coordinates": [
          80.4338935,
          7.1900861
        ]
      },
      "id": "node/8506615202"
    },
    {
      "type": "Feature",
      "properties": {
        "@id": "node/8506615205",
        "name": "Kurullangala",
        "name:si": "කුරුල්ලන්ගල",
        "tourism": "viewpoint"
      },
      "geometry": {
        "type": "Point",
        "coordinates": [
          81.0640222,
          6.8107639
        ]
      },
      "id": "node/8506615205"
    },
    {
      "type": "Feature",
      "properties": {
        "@id": "node/8506615208",
        "alt_name": "Paraiyangala",
        "name": "Paraviyangala",
        "name:si": "පරවියන්ගල",
        "tourism": "viewpoint"
      },
      "geometry": {
        "type": "Point",
        "coordinates": [
          80.795348,
          6.7412979
        ]
      },
      "id": "node/8506615208"
    },
    {
      "type": "Feature",
      "properties": {
        "@id": "node/8506615209",
        "name": "Monaragala",
        "name:si": "මොණරගල",
        "tourism": "viewpoint"
      },
      "geometry": {
        "type": "Point",
        "coordinates": [
          80.632385,
          7.084896
        ]
      },
      "id": "node/8506615209"
    },
    {
      "type": "Feature",
      "properties": {
        "@id": "node/8566285117",
        "name": "වල්පොලමුල්ල",
        "name:en": "Walpolamulla",
        "tourism": "attraction"
      },
      "geometry": {
        "type": "Point",
        "coordinates": [
          80.7687593,
          7.4934698
        ]
      },
      "id": "node/8566285117"
    },
    {
      "type": "Feature",
      "properties": {
        "@id": "node/8584867128",
        "direction": "315",
        "tourism": "viewpoint"
      },
      "geometry": {
        "type": "Point",
        "coordinates": [
          80.6058924,
          7.2693435
        ]
      },
      "id": "node/8584867128"
    },
    {
      "type": "Feature",
      "properties": {
        "@id": "node/8609137565",
        "direction": "180",
        "name": "Galkadawala Lake",
        "tourism": "viewpoint"
      },
      "geometry": {
        "type": "Point",
        "coordinates": [
          80.6930609,
          8.0313636
        ]
      },
      "id": "node/8609137565"
    },
    {
      "type": "Feature",
      "properties": {
        "@id": "node/8609137566",
        "direction": "160",
        "name": "Galkadawala Lake",
        "tourism": "viewpoint"
      },
      "geometry": {
        "type": "Point",
        "coordinates": [
          80.6922117,
          8.0304517
        ]
      },
      "id": "node/8609137566"
    },
    {
      "type": "Feature",
      "properties": {
        "@id": "node/8627891112",
        "name": "Katusu Konda",
        "name:si": "කටුසු කොන්ද",
        "tourism": "viewpoint"
      },
      "geometry": {
        "type": "Point",
        "coordinates": [
          80.6400359,
          7.2263125
        ]
      },
      "id": "node/8627891112"
    },
    {
      "type": "Feature",
      "properties": {
        "@id": "node/8628173725",
        "name": "Dolukanda Cave",
        "natural": "cave_entrance",
        "tourism": "attraction"
      },
      "geometry": {
        "type": "Point",
        "coordinates": [
          80.406309,
          7.6253621
        ]
      },
      "id": "node/8628173725"
    },
    {
      "type": "Feature",
      "properties": {
        "@id": "node/8628173726",
        "direction": "270",
        "name": "Dolukanda Sunset",
        "tourism": "viewpoint"
      },
      "geometry": {
        "type": "Point",
        "coordinates": [
          80.4069394,
          7.6228617
        ]
      },
      "id": "node/8628173726"
    },
    {
      "type": "Feature",
      "properties": {
        "@id": "node/8666546805",
        "description": "Mandaram Nuwara Viewpoint",
        "direction": "240",
        "tourism": "viewpoint"
      },
      "geometry": {
        "type": "Point",
        "coordinates": [
          80.7831355,
          7.0499472
        ]
      },
      "id": "node/8666546805"
    },
    {
      "type": "Feature",
      "properties": {
        "@id": "node/8777795558",
        "name": "Monkey View",
        "tourism": "attraction"
      },
      "geometry": {
        "type": "Point",
        "coordinates": [
          80.2469573,
          6.0106677
        ]
      },
      "id": "node/8777795558"
    },
    {
      "type": "Feature",
      "properties": {
        "@id": "node/9125422618",
        "image": "https://photos.app.goo.gl/1yKTzsyZuBqMQ7mj7",
        "name": "Andahelena Ella",
        "name:si": "අඬාහැලෙන ඇල්ල",
        "tourism": "attraction",
        "url": "https://youtu.be/y1ppR7KQ5ps?si=vyYDrXxGAdzFIbQq&t=337",
        "url:0": "https://youtu.be/kj6S2PJo0NM?si=3_QbCXP381sQ9rry&t=475",
        "waterway": "waterfall"
      },
      "geometry": {
        "type": "Point",
        "coordinates": [
          80.197338,
          6.2586051
        ]
      },
      "id": "node/9125422618"
    },
    {
      "type": "Feature",
      "properties": {
        "@id": "node/9128405980",
        "name": "Raja Wetunu Ella",
        "name:si": "රාජා වැටුනු ඇල්ල",
        "tourism": "attraction",
        "waterway": "waterfall"
      },
      "geometry": {
        "type": "Point",
        "coordinates": [
          80.5445628,
          6.374451
        ]
      },
      "id": "node/9128405980"
    },
    {
      "type": "Feature",
      "properties": {
        "@id": "node/9133167330",
        "name": "Pareiyan Ella Falls",
        "name:si": "පරෙයියන් ඇල්ල",
        "tourism": "attraction",
        "waterway": "waterfall"
      },
      "geometry": {
        "type": "Point",
        "coordinates": [
          81.2373371,
          6.8499267
        ]
      },
      "id": "node/9133167330"
    },
    {
      "type": "Feature",
      "properties": {
        "@id": "node/9133206279",
        "name": "Limestone Pools",
        "tourism": "attraction"
      },
      "geometry": {
        "type": "Point",
        "coordinates": [
          80.8554492,
          6.6555574
        ]
      },
      "id": "node/9133206279"
    },
    {
      "type": "Feature",
      "properties": {
        "@id": "node/9150634346",
        "name": "Kalu Dola Ella",
        "tourism": "attraction",
        "waterway": "waterfall"
      },
      "geometry": {
        "type": "Point",
        "coordinates": [
          80.2370436,
          6.3745281
        ]
      },
      "id": "node/9150634346"
    },
    {
      "type": "Feature",
      "properties": {
        "@id": "node/9158161790",
        "name": "Rangala Natural Pool",
        "tourism": "attraction"
      },
      "geometry": {
        "type": "Point",
        "coordinates": [
          80.7821916,
          7.3694319
        ]
      },
      "id": "node/9158161790"
    },
    {
      "type": "Feature",
      "properties": {
        "@id": "node/9171155666",
        "name": "Pettigala 2nd View Point",
        "tourism": "viewpoint"
      },
      "geometry": {
        "type": "Point",
        "coordinates": [
          80.7589161,
          7.2865278
        ]
      },
      "id": "node/9171155666"
    },
    {
      "type": "Feature",
      "properties": {
        "@id": "node/9171155667",
        "name": "Pettigala View Point",
        "tourism": "viewpoint"
      },
      "geometry": {
        "type": "Point",
        "coordinates": [
          80.7598718,
          7.2862977
        ]
      },
      "id": "node/9171155667"
    },
    {
      "type": "Feature",
      "properties": {
        "@id": "node/9340201267",
        "addr:street": "Madawala-Rajawella Road",
        "direction": "250",
        "name": "The Cocoons viewpoint",
        "tourism": "viewpoint"
      },
      "geometry": {
        "type": "Point",
        "coordinates": [
          80.4607682,
          7.6084826
        ]
      },
      "id": "node/9340201267"
    },
    {
      "type": "Feature",
      "properties": {
        "@id": "node/9474301097",
        "tourism": "viewpoint"
      },
      "geometry": {
        "type": "Point",
        "coordinates": [
          81.0441588,
          6.8626787
        ]
      },
      "id": "node/9474301097"
    },
    {
      "type": "Feature",
      "properties": {
        "@id": "node/9483334917",
        "image": "https://photos.app.goo.gl/8FibMY6urEDohSdW6",
        "name:en": "Sunset Viewpoint",
        "tourism": "viewpoint"
      },
      "geometry": {
        "type": "Point",
        "coordinates": [
          80.4484671,
          5.9447427
        ]
      },
      "id": "node/9483334917"
    },
    {
      "type": "Feature",
      "properties": {
        "@id": "node/9523088047",
        "direction": "106",
        "tourism": "viewpoint"
      },
      "geometry": {
        "type": "Point",
        "coordinates": [
          80.8088444,
          7.1430033
        ]
      },
      "id": "node/9523088047"
    },
    {
      "type": "Feature",
      "properties": {
        "@id": "node/9528569417",
        "name:de": "Schöner Platz zum Entspannen mit Blick auf grüne Felder",
        "name:en": "View to Fields",
        "tourism": "viewpoint"
      },
      "geometry": {
        "type": "Point",
        "coordinates": [
          81.2397662,
          6.7442464
        ]
      },
      "id": "node/9528569417"
    },
    {
      "type": "Feature",
      "properties": {
        "@id": "node/9651261977",
        "tourism": "viewpoint"
      },
      "geometry": {
        "type": "Point",
        "coordinates": [
          80.5002983,
          6.9006572
        ]
      },
      "id": "node/9651261977"
    },
    {
      "type": "Feature",
      "properties": {
        "@id": "node/9651261990",
        "tourism": "viewpoint"
      },
      "geometry": {
        "type": "Point",
        "coordinates": [
          80.4994588,
          6.901488
        ]
      },
      "id": "node/9651261990"
    },
    {
      "type": "Feature",
      "properties": {
        "@id": "node/9666257624",
        "fixme": "Is there another Elephant Rock here or is this a mix up with the one further south next to the Elephant Rock Archaeological Site?",
        "name": "Elephant Rock",
        "natural": "rock",
        "tourism": "attraction"
      },
      "geometry": {
        "type": "Point",
        "coordinates": [
          81.847449,
          6.8981543
        ]
      },
      "id": "node/9666257624"
    },
    {
      "type": "Feature",
      "properties": {
        "@id": "node/9683276556",
        "tourism": "viewpoint"
      },
      "geometry": {
        "type": "Point",
        "coordinates": [
          81.8200601,
          6.7835391
        ]
      },
      "id": "node/9683276556"
    },
    {
      "type": "Feature",
      "properties": {
        "@id": "node/9691453341",
        "tourism": "viewpoint"
      },
      "geometry": {
        "type": "Point",
        "coordinates": [
          79.8505966,
          6.9176876
        ]
      },
      "id": "node/9691453341"
    },
    {
      "type": "Feature",
      "properties": {
        "@id": "node/9875743717",
        "name:en": "Queen's Tower",
        "tourism": "attraction"
      },
      "geometry": {
        "type": "Point",
        "coordinates": [
          79.7200822,
          9.4749543
        ]
      },
      "id": "node/9875743717"
    },
    {
      "type": "Feature",
      "properties": {
        "@id": "node/9875807817",
        "name:en": "Old horse stable",
        "tourism": "attraction"
      },
      "geometry": {
        "type": "Point",
        "coordinates": [
          79.7152396,
          9.482995
        ]
      },
      "id": "node/9875807817"
    },
    {
      "type": "Feature",
      "properties": {
        "@id": "node/9880363417",
        "name:en": "Delft island",
        "tourism": "attraction"
      },
      "geometry": {
        "type": "Point",
        "coordinates": [
          79.6971916,
          9.5133015
        ]
      },
      "id": "node/9880363417"
    },
    {
      "type": "Feature",
      "properties": {
        "@id": "node/9952766099",
        "direction": "150",
        "tourism": "viewpoint"
      },
      "geometry": {
        "type": "Point",
        "coordinates": [
          80.7399679,
          7.359296
        ]
      },
      "id": "node/9952766099"
    },
    {
      "type": "Feature",
      "properties": {
        "@id": "node/10030921417",
        "name:es": "pescadores zancudos",
        "tourism": "attraction"
      },
      "geometry": {
        "type": "Point",
        "coordinates": [
          80.3786869,
          5.9650699
        ]
      },
      "id": "node/10030921417"
    },
    {
      "type": "Feature",
      "properties": {
        "@id": "node/10137897143",
        "direction": "N",
        "tourism": "viewpoint"
      },
      "geometry": {
        "type": "Point",
        "coordinates": [
          79.8527033,
          6.9165997
        ]
      },
      "id": "node/10137897143"
    },
    {
      "type": "Feature",
      "properties": {
        "@id": "node/10199094417",
        "name": "Ahungalla Sea Turtles Conservation Project",
        "tourism": "attraction"
      },
      "geometry": {
        "type": "Point",
        "coordinates": [
          80.0378652,
          6.3000371
        ]
      },
      "id": "node/10199094417"
    },
    {
      "type": "Feature",
      "properties": {
        "@id": "node/10204233717",
        "name:en": "Moratuwa Clock Tower",
        "tourism": "attraction"
      },
      "geometry": {
        "type": "Point",
        "coordinates": [
          79.8832732,
          6.7775947
        ]
      },
      "id": "node/10204233717"
    },
    {
      "type": "Feature",
      "properties": {
        "@id": "node/10273218020",
        "name": "Red Bridge Lower Fall",
        "tourism": "attraction"
      },
      "geometry": {
        "type": "Point",
        "coordinates": [
          80.4754141,
          6.5656829
        ]
      },
      "id": "node/10273218020"
    },
    {
      "type": "Feature",
      "properties": {
        "@id": "node/10278270618",
        "name": "Red Bridge Upper  Fall",
        "tourism": "attraction"
      },
      "geometry": {
        "type": "Point",
        "coordinates": [
          80.4777128,
          6.5660506
        ]
      },
      "id": "node/10278270618"
    },
    {
      "type": "Feature",
      "properties": {
        "@id": "node/10287255710",
        "name": "450101",
        "name:en": "UNIT 06 MAIN STREET 450101 (unit 06 to unite 04 )",
        "tourism": "viewpoint"
      },
      "geometry": {
        "type": "Point",
        "coordinates": [
          80.350127,
          8.7157875
        ]
      },
      "id": "node/10287255710"
    },
    {
      "type": "Feature",
      "properties": {
        "@id": "node/10287667410",
        "name": "45012",
        "name:en": "45012 SCHOOL ROAD starting   (பாடசாலை முன் சுற்றுவட்ட வீதி)",
        "tourism": "viewpoint"
      },
      "geometry": {
        "type": "Point",
        "coordinates": [
          80.3603526,
          8.7160156
        ]
      },
      "id": "node/10287667410"
    },
    {
      "type": "Feature",
      "properties": {
        "@id": "node/10287667411",
        "name": "45012",
        "name:en": "45012 SCHOOL ROAD ENDING (பாடசாலை முன் சுற்றுவட்ட வீதி )",
        "tourism": "viewpoint"
      },
      "geometry": {
        "type": "Point",
        "coordinates": [
          80.3617971,
          8.7168379
        ]
      },
      "id": "node/10287667411"
    },
    {
      "type": "Feature",
      "properties": {
        "@id": "node/10287680509",
        "name:en": "UNIT 6 TO  UNIT 4    MAIN ROAD",
        "tourism": "viewpoint"
      },
      "geometry": {
        "type": "Point",
        "coordinates": [
          80.3643037,
          8.7165728
        ]
      },
      "id": "node/10287680509"
    },
    {
      "type": "Feature",
      "properties": {
        "@id": "node/10287682609",
        "name:en": "45011KALIMAKAL NAKAR ROAD. (கலைமகள் நகர் வீதி)",
        "tourism": "viewpoint"
      },
      "geometry": {
        "type": "Point",
        "coordinates": [
          80.3631712,
          8.7182656
        ]
      },
      "id": "node/10287682609"
    },
    {
      "type": "Feature",
      "properties": {
        "@id": "node/10287682610",
        "name:en": "45011 KALAIMAKAL NAKAR ROAD (கலைமகள் நகர் வீதி)  starting",
        "tourism": "viewpoint"
      },
      "geometry": {
        "type": "Point",
        "coordinates": [
          80.36033,
          8.7170876
        ]
      },
      "id": "node/10287682610"
    },
    {
      "type": "Feature",
      "properties": {
        "@id": "node/10287695809",
        "name:en": "rangeth kama to palayayooruwa main road",
        "tourism": "viewpoint"
      },
      "geometry": {
        "type": "Point",
        "coordinates": [
          80.3628393,
          8.7194805
        ]
      },
      "id": "node/10287695809"
    },
    {
      "type": "Feature",
      "properties": {
        "@id": "node/10289187718",
        "name": "Kitulana Tank View",
        "tourism": "viewpoint"
      },
      "geometry": {
        "type": "Point",
        "coordinates": [
          81.7197349,
          6.8886092
        ]
      },
      "id": "node/10289187718"
    },
    {
      "type": "Feature",
      "properties": {
        "@id": "node/10291933255",
        "name": "Makara Kata (Dragon's Mouth)",
        "tourism": "attraction"
      },
      "geometry": {
        "type": "Point",
        "coordinates": [
          81.4239628,
          7.1913042
        ]
      },
      "id": "node/10291933255"
    },
    {
      "type": "Feature",
      "properties": {
        "@id": "node/10554828547",
        "name": "Kalu Diya Wala",
        "tourism": "attraction"
      },
      "geometry": {
        "type": "Point",
        "coordinates": [
          80.2441648,
          6.8228084
        ]
      },
      "id": "node/10554828547"
    },
    {
      "type": "Feature",
      "properties": {
        "@id": "node/10564476084",
        "name": "Patna Viewpoint",
        "tourism": "viewpoint"
      },
      "geometry": {
        "type": "Point",
        "coordinates": [
          80.6011202,
          6.3784533
        ]
      },
      "id": "node/10564476084"
    },
    {
      "type": "Feature",
      "properties": {
        "@id": "node/10564492613",
        "tourism": "viewpoint"
      },
      "geometry": {
        "type": "Point",
        "coordinates": [
          80.571611,
          6.359597
        ]
      },
      "id": "node/10564492613"
    },
    {
      "type": "Feature",
      "properties": {
        "@id": "node/10567157063",
        "name:en": "Demodara Railway Loop View Point",
        "tourism": "viewpoint"
      },
      "geometry": {
        "type": "Point",
        "coordinates": [
          81.0640232,
          6.9025732
        ]
      },
      "id": "node/10567157063"
    },
    {
      "type": "Feature",
      "properties": {
        "@id": "node/10567157065",
        "name:en": "Demodara View Point",
        "tourism": "viewpoint"
      },
      "geometry": {
        "type": "Point",
        "coordinates": [
          81.0536479,
          6.9058906
        ]
      },
      "id": "node/10567157065"
    },
    {
      "type": "Feature",
      "properties": {
        "@id": "node/10567157067",
        "name:en": "Alugolla Hill",
        "tourism": "viewpoint"
      },
      "geometry": {
        "type": "Point",
        "coordinates": [
          81.0485281,
          7.004117
        ]
      },
      "id": "node/10567157067"
    },
    {
      "type": "Feature",
      "properties": {
        "@id": "node/10567157077",
        "name:en": "Pilkington Point",
        "tourism": "viewpoint"
      },
      "geometry": {
        "type": "Point",
        "coordinates": [
          81.0586004,
          6.7654793
        ]
      },
      "id": "node/10567157077"
    },
    {
      "type": "Feature",
      "properties": {
        "@id": "node/10567161217",
        "name:en": "Millennium Viewpoint",
        "tourism": "viewpoint"
      },
      "geometry": {
        "type": "Point",
        "coordinates": [
          81.0549623,
          6.7624272
        ]
      },
      "id": "node/10567161217"
    },
    {
      "type": "Feature",
      "properties": {
        "@id": "node/10567161218",
        "name:en": "Pallewela Ella",
        "tourism": "attraction",
        "waterway": "waterfall"
      },
      "geometry": {
        "type": "Point",
        "coordinates": [
          81.0814816,
          6.8288186
        ]
      },
      "id": "node/10567161218"
    },
    {
      "type": "Feature",
      "properties": {
        "@id": "node/10570114947",
        "name:en": "Sinharaja, Lankagama Entrance",
        "tourism": "attraction",
        "website": "https://www.sinharajaforestreserve.com/"
      },
      "geometry": {
        "type": "Point",
        "coordinates": [
          80.4529069,
          6.3727073
        ]
      },
      "id": "node/10570114947"
    },
    {
      "type": "Feature",
      "properties": {
        "@id": "node/10570682463",
        "name:en": "Sinharaja, Morningside Entrance 7km",
        "tourism": "attraction"
      },
      "geometry": {
        "type": "Point",
        "coordinates": [
          80.6268698,
          6.4324834
        ]
      },
      "id": "node/10570682463"
    },
    {
      "type": "Feature",
      "properties": {
        "@id": "node/10571634754",
        "access": "yes",
        "tourism": "viewpoint"
      },
      "geometry": {
        "type": "Point",
        "coordinates": [
          81.2128162,
          6.1999119
        ]
      },
      "id": "node/10571634754"
    },
    {
      "type": "Feature",
      "properties": {
        "@id": "node/10571634755",
        "access": "yes",
        "tourism": "viewpoint"
      },
      "geometry": {
        "type": "Point",
        "coordinates": [
          81.2412649,
          6.2026253
        ]
      },
      "id": "node/10571634755"
    },
    {
      "type": "Feature",
      "properties": {
        "@id": "node/10586762306",
        "name:en": "Crocodile River",
        "tourism": "attraction"
      },
      "geometry": {
        "type": "Point",
        "coordinates": [
          80.5399231,
          5.9449137
        ]
      },
      "id": "node/10586762306"
    },
    {
      "type": "Feature",
      "properties": {
        "@id": "node/10586767905",
        "image": "https://photos.app.goo.gl/vUY4dn2AGzYjTpwW7",
        "name:en": "Stick Fishing",
        "tourism": "attraction",
        "url": "https://youtu.be/Q6qGgyZID1s"
      },
      "geometry": {
        "type": "Point",
        "coordinates": [
          80.3306171,
          5.9844629
        ]
      },
      "id": "node/10586767905"
    },
    {
      "type": "Feature",
      "properties": {
        "@id": "node/10586769305",
        "name:en": "Stick Fishing",
        "tourism": "attraction"
      },
      "geometry": {
        "type": "Point",
        "coordinates": [
          80.3285158,
          5.9854749
        ]
      },
      "id": "node/10586769305"
    },
    {
      "type": "Feature",
      "properties": {
        "@id": "node/10635406005",
        "addr:street": "Hambantota",
        "name:fr": "Yala National Park",
        "tourism": "attraction"
      },
      "geometry": {
        "type": "Point",
        "coordinates": [
          81.4674749,
          6.5132824
        ]
      },
      "id": "node/10635406005"
    },
    {
      "type": "Feature",
      "properties": {
        "@id": "node/10635411305",
        "addr:street": "Hambantota",
        "name:fr": "Yala National Park",
        "tourism": "attraction"
      },
      "geometry": {
        "type": "Point",
        "coordinates": [
          81.4753176,
          6.5163317
        ]
      },
      "id": "node/10635411305"
    },
    {
      "type": "Feature",
      "properties": {
        "@id": "node/10635521505",
        "name:en": "Viewpoint&Restaurant",
        "tourism": "viewpoint"
      },
      "geometry": {
        "type": "Point",
        "coordinates": [
          80.6944846,
          7.0604849
        ]
      },
      "id": "node/10635521505"
    },
    {
      "type": "Feature",
      "properties": {
        "@id": "node/10635533505",
        "name:en": "Chill Ramboda",
        "tourism": "viewpoint"
      },
      "geometry": {
        "type": "Point",
        "coordinates": [
          80.6941047,
          7.0590976
        ]
      },
      "id": "node/10635533505"
    },
    {
      "type": "Feature",
      "properties": {
        "@id": "node/10683411634",
        "name": "Tea plantations view",
        "tourism": "viewpoint"
      },
      "geometry": {
        "type": "Point",
        "coordinates": [
          80.7670901,
          6.9563336
        ]
      },
      "id": "node/10683411634"
    },
    {
      "type": "Feature",
      "properties": {
        "@id": "node/10690856522",
        "name": "Eco Tourism Center Urani",
        "tourism": "attraction"
      },
      "geometry": {
        "type": "Point",
        "coordinates": [
          81.8376765,
          6.9195136
        ]
      },
      "id": "node/10690856522"
    },
    {
      "type": "Feature",
      "properties": {
        "@id": "node/10694540072",
        "tourism": "viewpoint"
      },
      "geometry": {
        "type": "Point",
        "coordinates": [
          80.6695114,
          7.1775739
        ]
      },
      "id": "node/10694540072"
    },
    {
      "type": "Feature",
      "properties": {
        "@id": "node/10696392084",
        "tourism": "viewpoint"
      },
      "geometry": {
        "type": "Point",
        "coordinates": [
          80.6113967,
          7.2164192
        ]
      },
      "id": "node/10696392084"
    },
    {
      "type": "Feature",
      "properties": {
        "@id": "node/10701820847",
        "tourism": "viewpoint"
      },
      "geometry": {
        "type": "Point",
        "coordinates": [
          80.629169,
          7.2243869
        ]
      },
      "id": "node/10701820847"
    },
    {
      "type": "Feature",
      "properties": {
        "@id": "node/10705151378",
        "name": "Glenanore View Point",
        "tourism": "viewpoint"
      },
      "geometry": {
        "type": "Point",
        "coordinates": [
          80.9327181,
          6.7756248
        ]
      },
      "id": "node/10705151378"
    },
    {
      "type": "Feature",
      "properties": {
        "@id": "node/10711686927",
        "tourism": "viewpoint"
      },
      "geometry": {
        "type": "Point",
        "coordinates": [
          80.643228,
          6.3817228
        ]
      },
      "id": "node/10711686927"
    },
    {
      "type": "Feature",
      "properties": {
        "@id": "node/10759409898",
        "name:en": "Thalaimannar Islands Viewpoint",
        "tourism": "viewpoint"
      },
      "geometry": {
        "type": "Point",
        "coordinates": [
          79.6981549,
          9.0859831
        ]
      },
      "id": "node/10759409898"
    },
    {
      "type": "Feature",
      "properties": {
        "@id": "node/10779286306",
        "name:en": "Beach views",
        "tourism": "viewpoint"
      },
      "geometry": {
        "type": "Point",
        "coordinates": [
          80.3582339,
          5.9741842
        ]
      },
      "id": "node/10779286306"
    },
    {
      "type": "Feature",
      "properties": {
        "@id": "node/10779464806",
        "name:en": "Blowhole",
        "tourism": "attraction"
      },
      "geometry": {
        "type": "Point",
        "coordinates": [
          80.6333872,
          5.9457353
        ]
      },
      "id": "node/10779464806"
    },
    {
      "type": "Feature",
      "properties": {
        "@id": "node/10796165510",
        "name:en": "Melu’s rock",
        "natural": "rock",
        "tourism": "attraction"
      },
      "geometry": {
        "type": "Point",
        "coordinates": [
          80.7447426,
          7.9612807
        ]
      },
      "id": "node/10796165510"
    },
    {
      "type": "Feature",
      "properties": {
        "@id": "node/10796190205",
        "name:en": "View of upper falls",
        "tourism": "viewpoint"
      },
      "geometry": {
        "type": "Point",
        "coordinates": [
          81.0439364,
          6.8626667
        ]
      },
      "id": "node/10796190205"
    },
    {
      "type": "Feature",
      "properties": {
        "@id": "node/10796893506",
        "name:en": "View of the waterfall",
        "tourism": "viewpoint"
      },
      "geometry": {
        "type": "Point",
        "coordinates": [
          81.0450972,
          6.864299
        ]
      },
      "id": "node/10796893506"
    },
    {
      "type": "Feature",
      "properties": {
        "@id": "node/10799139805",
        "name:en": "View of the waterfall",
        "tourism": "viewpoint"
      },
      "geometry": {
        "type": "Point",
        "coordinates": [
          80.6985568,
          7.0529089
        ]
      },
      "id": "node/10799139805"
    },
    {
      "type": "Feature",
      "properties": {
        "@id": "node/10799140206",
        "name:en": "Upper viewing deck",
        "tourism": "viewpoint"
      },
      "geometry": {
        "type": "Point",
        "coordinates": [
          80.7048191,
          7.0551769
        ]
      },
      "id": "node/10799140206"
    },
    {
      "type": "Feature",
      "properties": {
        "@id": "node/10801196805",
        "tourism": "museum"
      },
      "geometry": {
        "type": "Point",
        "coordinates": [
          80.6419323,
          7.2935979
        ]
      },
      "id": "node/10801196805"
    },
    {
      "type": "Feature",
      "properties": {
        "@id": "node/10803702405",
        "tourism": "museum"
      },
      "geometry": {
        "type": "Point",
        "coordinates": [
          80.6217011,
          7.4973069
        ]
      },
      "id": "node/10803702405"
    },
    {
      "type": "Feature",
      "properties": {
        "@id": "node/10809025218",
        "name": "Samanalawewa Reservoir",
        "tourism": "attraction"
      },
      "geometry": {
        "type": "Point",
        "coordinates": [
          80.7635782,
          6.6967399
        ]
      },
      "id": "node/10809025218"
    },
    {
      "type": "Feature",
      "properties": {
        "@id": "node/10811136105",
        "name": "Isurumuniya Museum",
        "tourism": "museum"
      },
      "geometry": {
        "type": "Point",
        "coordinates": [
          80.3903972,
          8.3343329
        ]
      },
      "id": "node/10811136105"
    },
    {
      "type": "Feature",
      "properties": {
        "@id": "node/10811136107",
        "name": "Octagonal ruin",
        "tourism": "attraction"
      },
      "geometry": {
        "type": "Point",
        "coordinates": [
          80.3895262,
          8.3401821
        ]
      },
      "id": "node/10811136107"
    },
    {
      "type": "Feature",
      "properties": {
        "@id": "node/10811136108",
        "name:en": "Rock cave with stone doorway",
        "tourism": "attraction"
      },
      "geometry": {
        "type": "Point",
        "coordinates": [
          80.3895948,
          8.3265829
        ]
      },
      "id": "node/10811136108"
    },
    {
      "type": "Feature",
      "properties": {
        "@id": "node/10814015205",
        "name:en": "View of Anuradhapura",
        "tourism": "viewpoint"
      },
      "geometry": {
        "type": "Point",
        "coordinates": [
          80.5125458,
          8.3476
        ]
      },
      "id": "node/10814015205"
    },
    {
      "type": "Feature",
      "properties": {
        "@id": "node/10814089805",
        "name:en": "Ruin with pillars and stupa mounds",
        "tourism": "attraction"
      },
      "geometry": {
        "type": "Point",
        "coordinates": [
          80.5055526,
          8.3496058
        ]
      },
      "id": "node/10814089805"
    },
    {
      "type": "Feature",
      "properties": {
        "@id": "node/10814382919",
        "name:en": "Well preserved 13th century temple",
        "tourism": "attraction"
      },
      "geometry": {
        "type": "Point",
        "coordinates": [
          80.3131145,
          7.816583
        ]
      },
      "id": "node/10814382919"
    },
    {
      "type": "Feature",
      "properties": {
        "@id": "node/10815681905",
        "name:en": "Correct location of the museum",
        "tourism": "museum"
      },
      "geometry": {
        "type": "Point",
        "coordinates": [
          80.313912,
          7.8157538
        ]
      },
      "id": "node/10815681905"
    },
    {
      "type": "Feature",
      "properties": {
        "@id": "node/10815848806",
        "tourism": "viewpoint"
      },
      "geometry": {
        "type": "Point",
        "coordinates": [
          80.3709829,
          7.4840008
        ]
      },
      "id": "node/10815848806"
    },
    {
      "type": "Feature",
      "properties": {
        "@id": "node/10815848807",
        "tourism": "viewpoint"
      },
      "geometry": {
        "type": "Point",
        "coordinates": [
          80.3699823,
          7.4854191
        ]
      },
      "id": "node/10815848807"
    },
    {
      "type": "Feature",
      "properties": {
        "@id": "node/10815930110",
        "name:en": "Ruin",
        "tourism": "attraction"
      },
      "geometry": {
        "type": "Point",
        "coordinates": [
          80.1081471,
          7.5976744
        ]
      },
      "id": "node/10815930110"
    },
    {
      "type": "Feature",
      "properties": {
        "@id": "node/10815930111",
        "name:en": "Circular ruin",
        "tourism": "attraction"
      },
      "geometry": {
        "type": "Point",
        "coordinates": [
          80.1082547,
          7.5983507
        ]
      },
      "id": "node/10815930111"
    },
    {
      "type": "Feature",
      "properties": {
        "@id": "node/10815930112",
        "name:en": "Outer wall",
        "tourism": "attraction"
      },
      "geometry": {
        "type": "Point",
        "coordinates": [
          80.1084748,
          7.5967007
        ]
      },
      "id": "node/10815930112"
    },
    {
      "type": "Feature",
      "properties": {
        "@id": "node/10815937308",
        "name:en": "Massive tree with ruins around",
        "tourism": "attraction"
      },
      "geometry": {
        "type": "Point",
        "coordinates": [
          80.1080651,
          7.5980243
        ]
      },
      "id": "node/10815937308"
    },
    {
      "type": "Feature",
      "properties": {
        "@id": "node/10815940005",
        "name:en": "Three ancient image houses",
        "tourism": "attraction"
      },
      "geometry": {
        "type": "Point",
        "coordinates": [
          80.1065605,
          7.5966802
        ]
      },
      "id": "node/10815940005"
    },
    {
      "type": "Feature",
      "properties": {
        "@id": "node/10815940006",
        "name:en": "Image House",
        "tourism": "attraction"
      },
      "geometry": {
        "type": "Point",
        "coordinates": [
          80.1074443,
          7.5981814
        ]
      },
      "id": "node/10815940006"
    },
    {
      "type": "Feature",
      "properties": {
        "@id": "node/10815940008",
        "name:en": "Monastery ruin",
        "tourism": "attraction"
      },
      "geometry": {
        "type": "Point",
        "coordinates": [
          80.1076083,
          7.5985342
        ]
      },
      "id": "node/10815940008"
    },
    {
      "type": "Feature",
      "properties": {
        "@id": "node/10904563982",
        "tourism": "viewpoint"
      },
      "geometry": {
        "type": "Point",
        "coordinates": [
          81.8244804,
          6.8097965
        ]
      },
      "id": "node/10904563982"
    },
    {
      "type": "Feature",
      "properties": {
        "@id": "node/10904563991",
        "tourism": "viewpoint"
      },
      "geometry": {
        "type": "Point",
        "coordinates": [
          81.8244004,
          6.810154
        ]
      },
      "id": "node/10904563991"
    },
    {
      "type": "Feature",
      "properties": {
        "@id": "node/10933134956",
        "name": "Flower",
        "tourism": "attraction"
      },
      "geometry": {
        "type": "Point",
        "coordinates": [
          79.9980317,
          6.4264508
        ]
      },
      "id": "node/10933134956"
    },
    {
      "type": "Feature",
      "properties": {
        "@id": "node/10933382689",
        "direction": "279",
        "tourism": "viewpoint"
      },
      "geometry": {
        "type": "Point",
        "coordinates": [
          80.7356378,
          6.122802
        ]
      },
      "id": "node/10933382689"
    },
    {
      "type": "Feature",
      "properties": {
        "@id": "node/10973269206",
        "addr:street": "Footpath to Ella Rock",
        "name:en": "Zero Arch Bridge (Black Bridge)",
        "tourism": "attraction"
      },
      "geometry": {
        "type": "Point",
        "coordinates": [
          81.0433168,
          6.8627366
        ]
      },
      "id": "node/10973269206"
    },
    {
      "type": "Feature",
      "properties": {
        "@id": "node/10976238973",
        "name": "Sri Rama's Bridge Viewpoint",
        "tourism": "viewpoint"
      },
      "geometry": {
        "type": "Point",
        "coordinates": [
          79.6987268,
          9.0814516
        ]
      },
      "id": "node/10976238973"
    },
    {
      "type": "Feature",
      "properties": {
        "@id": "node/11017570005",
        "name": "Giragama Walawwa",
        "tourism": "attraction"
      },
      "geometry": {
        "type": "Point",
        "coordinates": [
          80.6359662,
          7.2942985
        ]
      },
      "id": "node/11017570005"
    },
    {
      "type": "Feature",
      "properties": {
        "@id": "node/11019021605",
        "tourism": "viewpoint"
      },
      "geometry": {
        "type": "Point",
        "coordinates": [
          80.6743629,
          7.5498917
        ]
      },
      "id": "node/11019021605"
    },
    {
      "type": "Feature",
      "properties": {
        "@id": "node/11019022205",
        "tourism": "attraction"
      },
      "geometry": {
        "type": "Point",
        "coordinates": [
          80.6754231,
          7.5461716
        ]
      },
      "id": "node/11019022205"
    },
    {
      "type": "Feature",
      "properties": {
        "@id": "node/11019901706",
        "name": "Puss-wel (Giant liana)",
        "tourism": "attraction"
      },
      "geometry": {
        "type": "Point",
        "coordinates": [
          80.6432612,
          7.301254
        ]
      },
      "id": "node/11019901706"
    },
    {
      "type": "Feature",
      "properties": {
        "@id": "node/11021340105",
        "name": "Viewpoint of Asgiri Maha Vihara Pirivena",
        "tourism": "viewpoint"
      },
      "geometry": {
        "type": "Point",
        "coordinates": [
          80.6337295,
          7.2956008
        ]
      },
      "id": "node/11021340105"
    },
    {
      "type": "Feature",
      "properties": {
        "@id": "node/11022083105",
        "name:en": "Viewpoint of Sigirya Rock",
        "tourism": "viewpoint"
      },
      "geometry": {
        "type": "Point",
        "coordinates": [
          80.7528245,
          7.9367251
        ]
      },
      "id": "node/11022083105"
    },
    {
      "type": "Feature",
      "properties": {
        "@id": "node/11027213905",
        "name:en": "Starting Point",
        "tourism": "attraction"
      },
      "geometry": {
        "type": "Point",
        "coordinates": [
          80.9978651,
          7.9426987
        ]
      },
      "id": "node/11027213905"
    },
    {
      "type": "Feature",
      "properties": {
        "@id": "node/11029625806",
        "name:en": "Shiva Devale No 2",
        "tourism": "attraction"
      },
      "geometry": {
        "type": "Point",
        "coordinates": [
          81.007509,
          7.9499928
        ]
      },
      "id": "node/11029625806"
    },
    {
      "type": "Feature",
      "properties": {
        "@id": "node/11029625807",
        "name:en": "Damila Thupa",
        "tourism": "attraction"
      },
      "geometry": {
        "type": "Point",
        "coordinates": [
          81.0048957,
          7.969217
        ]
      },
      "id": "node/11029625807"
    },
    {
      "type": "Feature",
      "properties": {
        "@id": "node/11029634305",
        "name:en": "Bathing Pool",
        "tourism": "attraction"
      },
      "geometry": {
        "type": "Point",
        "coordinates": [
          80.9976722,
          7.9429845
        ]
      },
      "id": "node/11029634305"
    },
    {
      "type": "Feature",
      "properties": {
        "@id": "node/11030021405",
        "name:en": "Lake Viewpoint",
        "tourism": "viewpoint"
      },
      "geometry": {
        "type": "Point",
        "coordinates": [
          80.1565696,
          8.2788259
        ]
      },
      "id": "node/11030021405"
    },
    {
      "type": "Feature",
      "properties": {
        "@id": "node/11033747306",
        "name:en": "Aqua Dreams",
        "tourism": "attraction"
      },
      "geometry": {
        "type": "Point",
        "coordinates": [
          81.2187967,
          8.6140228
        ]
      },
      "id": "node/11033747306"
    },
    {
      "type": "Feature",
      "properties": {
        "@id": "node/11052239805",
        "name:en": "Row of white statues up to the temple",
        "tourism": "attraction"
      },
      "geometry": {
        "type": "Point",
        "coordinates": [
          80.7659307,
          6.9550802
        ]
      },
      "id": "node/11052239805"
    },
    {
      "type": "Feature",
      "properties": {
        "@id": "node/11052288005",
        "tourism": "viewpoint"
      },
      "geometry": {
        "type": "Point",
        "coordinates": [
          80.7613739,
          6.9609431
        ]
      },
      "id": "node/11052288005"
    },
    {
      "type": "Feature",
      "properties": {
        "@id": "node/11052738706",
        "name:en": "Viewpoint of tea plants below",
        "tourism": "viewpoint"
      },
      "geometry": {
        "type": "Point",
        "coordinates": [
          80.7532536,
          6.9768067
        ]
      },
      "id": "node/11052738706"
    },
    {
      "type": "Feature",
      "properties": {
        "@id": "node/11061320581",
        "direction": "0-360",
        "level": "11",
        "tourism": "viewpoint"
      },
      "geometry": {
        "type": "Point",
        "coordinates": [
          79.8419183,
          6.9382332
        ]
      },
      "id": "node/11061320581"
    },
    {
      "type": "Feature",
      "properties": {
        "@id": "node/11117374578",
        "name": "Henewala Wadigala",
        "tourism": "viewpoint"
      },
      "geometry": {
        "type": "Point",
        "coordinates": [
          81.4122686,
          7.2495962
        ]
      },
      "id": "node/11117374578"
    },
    {
      "type": "Feature",
      "properties": {
        "@id": "node/11117374581",
        "name": "Belumgala",
        "tourism": "viewpoint"
      },
      "geometry": {
        "type": "Point",
        "coordinates": [
          81.3835638,
          7.2652376
        ]
      },
      "id": "node/11117374581"
    },
    {
      "type": "Feature",
      "properties": {
        "@id": "node/11117457719",
        "name": "Galoya Forest View",
        "tourism": "viewpoint"
      },
      "geometry": {
        "type": "Point",
        "coordinates": [
          81.3729115,
          7.2641499
        ]
      },
      "id": "node/11117457719"
    },
    {
      "type": "Feature",
      "properties": {
        "@id": "node/11117457720",
        "building": "temple",
        "landmark": "yes",
        "name": "Bulupitiya Bend Ganadewi Temple",
        "religion": "hindu",
        "tourism": "viewpoint"
      },
      "geometry": {
        "type": "Point",
        "coordinates": [
          81.3741163,
          7.2624865
        ]
      },
      "id": "node/11117457720"
    },
    {
      "type": "Feature",
      "properties": {
        "@id": "node/11117457721",
        "addr:street": "Rathugala",
        "name": "Vadda's Heritage Centre",
        "tourism": "museum"
      },
      "geometry": {
        "type": "Point",
        "coordinates": [
          81.3808165,
          7.2785464
        ]
      },
      "id": "node/11117457721"
    },
    {
      "type": "Feature",
      "properties": {
        "@id": "node/11133963006",
        "name": "Knuckles Waterfall",
        "tourism": "viewpoint;attraction",
        "waterway": "waterfall"
      },
      "geometry": {
        "type": "Point",
        "coordinates": [
          80.797356,
          7.4031271
        ]
      },
      "id": "node/11133963006"
    },
    {
      "type": "Feature",
      "properties": {
        "@id": "node/11143099795",
        "tourism": "viewpoint"
      },
      "geometry": {
        "type": "Point",
        "coordinates": [
          81.5420787,
          7.2234732
        ]
      },
      "id": "node/11143099795"
    },
    {
      "type": "Feature",
      "properties": {
        "@id": "node/11143135305",
        "name:en": "Lover's Leap Waterfall bottom viewpoint",
        "tourism": "viewpoint"
      },
      "geometry": {
        "type": "Point",
        "coordinates": [
          80.786747,
          6.9782249
        ]
      },
      "id": "node/11143135305"
    },
    {
      "type": "Feature",
      "properties": {
        "@id": "node/11163050805",
        "addr:street": "Morning Dew Road",
        "email": "cookeryclassella@gmail.com",
        "name:en": "Priya Cookery Class",
        "operator": "Priya",
        "phone": "+94 76 471 0562",
        "tourism": "attraction",
        "website": "https://www.tripadvisor.com/Attraction_Review-g616035-d15208857-Reviews-Priya_Cookery_Class-Ella_Uva_Province.html"
      },
      "geometry": {
        "type": "Point",
        "coordinates": [
          81.0462148,
          6.8735385
        ]
      },
      "id": "node/11163050805"
    },
    {
      "type": "Feature",
      "properties": {
        "@id": "node/11164743047",
        "tourism": "viewpoint"
      },
      "geometry": {
        "type": "Point",
        "coordinates": [
          81.0311355,
          6.7317936
        ]
      },
      "id": "node/11164743047"
    },
    {
      "type": "Feature",
      "properties": {
        "@id": "node/11169198252",
        "addr:city": "Ambalangoda",
        "addr:street": "Saddhasenawedamawatha",
        "museum": "art",
        "name": "Tukkawadu Mask Museum",
        "tourism": "museum"
      },
      "geometry": {
        "type": "Point",
        "coordinates": [
          80.0607882,
          6.2295349
        ]
      },
      "id": "node/11169198252"
    },
    {
      "type": "Feature",
      "properties": {
        "@id": "node/11193962338",
        "name:en": "arch",
        "tourism": "attraction"
      },
      "geometry": {
        "type": "Point",
        "coordinates": [
          80.0359314,
          9.6762438
        ]
      },
      "id": "node/11193962338"
    },
    {
      "type": "Feature",
      "properties": {
        "@id": "node/11210754426",
        "name": "Crocodile Ponds",
        "tourism": "attraction"
      },
      "geometry": {
        "type": "Point",
        "coordinates": [
          81.7851014,
          6.7591941
        ]
      },
      "id": "node/11210754426"
    },
    {
      "type": "Feature",
      "properties": {
        "@id": "node/11234560967",
        "name": "Giant Hearth-Stone",
        "tourism": "attraction"
      },
      "geometry": {
        "type": "Point",
        "coordinates": [
          81.7571301,
          6.6274201
        ]
      },
      "id": "node/11234560967"
    },
    {
      "type": "Feature",
      "properties": {
        "@id": "node/11425572044",
        "name": "Slide & swing ella",
        "tourism": "attraction"
      },
      "geometry": {
        "type": "Point",
        "coordinates": [
          81.0630019,
          6.8768528
        ]
      },
      "id": "node/11425572044"
    },
    {
      "type": "Feature",
      "properties": {
        "@id": "node/11469179111",
        "direction": "0-360",
        "ele": "2065m",
        "name": "Eagle's Viewpoint",
        "tourism": "viewpoint"
      },
      "geometry": {
        "type": "Point",
        "coordinates": [
          80.7539875,
          6.9762642
        ]
      },
      "id": "node/11469179111"
    },
    {
      "type": "Feature",
      "properties": {
        "@id": "node/11475829069",
        "name:en": "Frog Rock",
        "tourism": "attraction"
      },
      "geometry": {
        "type": "Point",
        "coordinates": [
          80.2619912,
          6.0001052
        ]
      },
      "id": "node/11475829069"
    },
    {
      "type": "Feature",
      "properties": {
        "@id": "node/11478088669",
        "name:en": "Monkeys",
        "tourism": "attraction"
      },
      "geometry": {
        "type": "Point",
        "coordinates": [
          80.3146697,
          5.9986791
        ]
      },
      "id": "node/11478088669"
    },
    {
      "type": "Feature",
      "properties": {
        "@id": "node/11485701969",
        "name:en": "Rawana waterfall",
        "tourism": "viewpoint"
      },
      "geometry": {
        "type": "Point",
        "coordinates": [
          81.058566,
          6.8422984
        ]
      },
      "id": "node/11485701969"
    },
    {
      "type": "Feature",
      "properties": {
        "@id": "node/11485707269",
        "name:en": "Rawana waterfall",
        "tourism": "viewpoint"
      },
      "geometry": {
        "type": "Point",
        "coordinates": [
          81.0564918,
          6.8415056
        ]
      },
      "id": "node/11485707269"
    },
    {
      "type": "Feature",
      "properties": {
        "@id": "node/11491038969",
        "tourism": "viewpoint"
      },
      "geometry": {
        "type": "Point",
        "coordinates": [
          81.0625918,
          6.9026734
        ]
      },
      "id": "node/11491038969"
    },
    {
      "type": "Feature",
      "properties": {
        "@id": "node/11496548721",
        "direction": "0-360",
        "tourism": "viewpoint"
      },
      "geometry": {
        "type": "Point",
        "coordinates": [
          80.9442562,
          7.6237911
        ]
      },
      "id": "node/11496548721"
    },
    {
      "type": "Feature",
      "properties": {
        "@id": "node/11502316371",
        "name:en": "Elephant riding",
        "tourism": "attraction"
      },
      "geometry": {
        "type": "Point",
        "coordinates": [
          80.1728791,
          6.0901532
        ]
      },
      "id": "node/11502316371"
    },
    {
      "type": "Feature",
      "properties": {
        "@id": "node/11537838643",
        "name": "Thoppigala Heritage Centre",
        "tourism": "museum"
      },
      "geometry": {
        "type": "Point",
        "coordinates": [
          81.3995706,
          7.8213039
        ]
      },
      "id": "node/11537838643"
    },
    {
      "type": "Feature",
      "properties": {
        "@id": "node/11542559981",
        "tourism": "viewpoint"
      },
      "geometry": {
        "type": "Point",
        "coordinates": [
          80.5589229,
          6.8390917
        ]
      },
      "id": "node/11542559981"
    },
    {
      "type": "Feature",
      "properties": {
        "@id": "node/11581395069",
        "tourism": "viewpoint"
      },
      "geometry": {
        "type": "Point",
        "coordinates": [
          80.6300372,
          7.2592608
        ]
      },
      "id": "node/11581395069"
    },
    {
      "type": "Feature",
      "properties": {
        "@id": "node/11583843280",
        "name": "Jodu Ella Water Falls",
        "tourism": "attraction",
        "waterway": "waterfall"
      },
      "geometry": {
        "type": "Point",
        "coordinates": [
          80.775762,
          7.4004888
        ]
      },
      "id": "node/11583843280"
    },
    {
      "type": "Feature",
      "properties": {
        "@id": "node/11593689270",
        "name:en": "Sea turtle feeding point",
        "name:ru": "Кормление морских черепах",
        "tourism": "attraction"
      },
      "geometry": {
        "type": "Point",
        "coordinates": [
          80.6827633,
          5.9594366
        ]
      },
      "id": "node/11593689270"
    },
    {
      "type": "Feature",
      "properties": {
        "@id": "node/11595481269",
        "name:en": "Blue Beach Island",
        "tourism": "attraction"
      },
      "geometry": {
        "type": "Point",
        "coordinates": [
          80.7197396,
          5.9608061
        ]
      },
      "id": "node/11595481269"
    },
    {
      "type": "Feature",
      "properties": {
        "@id": "node/11598066769",
        "addr:street": "Pehebiya Road",
        "name:en": "CoCo Bay Beach",
        "tourism": "attraction"
      },
      "geometry": {
        "type": "Point",
        "coordinates": [
          80.6995234,
          5.9627474
        ]
      },
      "id": "node/11598066769"
    },
    {
      "type": "Feature",
      "properties": {
        "@id": "node/11612530869",
        "ele": "1898",
        "ele:note": "6,226 feet",
        "name": "Summit level",
        "name:en": "Summit level",
        "tourism": "attraction"
      },
      "geometry": {
        "type": "Point",
        "coordinates": [
          80.833256,
          6.848736
        ]
      },
      "id": "node/11612530869"
    },
    {
      "type": "Feature",
      "properties": {
        "@id": "node/11617756581",
        "addr:city": "Nilaveli",
        "addr:housenumber": "42/1,B",
        "addr:postcode": "31010",
        "addr:street": "4th Cross Lane",
        "description": "Snorkeling Diving Whale Dolphin Watching Fishing Trips Lagoon Safari Day and Round Trips Airport Transfer Car van TukTuk all tourist information's and Bookings proved",
        "name": "Pigeon Island Tours",
        "note": "+94772973882",
        "operator": "Pigeon Island Tours Pvt LTD",
        "start_date": "2018.09.27",
        "tourism": "attraction",
        "website": "https://pigeonislandtours.com"
      },
      "geometry": {
        "type": "Point",
        "coordinates": [
          81.18921,
          8.6924728
        ]
      },
      "id": "node/11617756581"
    },
    {
      "type": "Feature",
      "properties": {
        "@id": "node/11617966770",
        "name:en": "security point",
        "tourism": "viewpoint"
      },
      "geometry": {
        "type": "Point",
        "coordinates": [
          81.8610921,
          7.2981558
        ]
      },
      "id": "node/11617966770"
    },
    {
      "type": "Feature",
      "properties": {
        "@id": "node/11617970969",
        "name:en": "security point",
        "tourism": "viewpoint"
      },
      "geometry": {
        "type": "Point",
        "coordinates": [
          81.8610772,
          7.298157
        ]
      },
      "id": "node/11617970969"
    },
    {
      "type": "Feature",
      "properties": {
        "@id": "node/11617971069",
        "name:en": "security point",
        "tourism": "viewpoint"
      },
      "geometry": {
        "type": "Point",
        "coordinates": [
          81.8610416,
          7.2982205
        ]
      },
      "id": "node/11617971069"
    },
    {
      "type": "Feature",
      "properties": {
        "@id": "node/11628632970",
        "name:en": "view on rice fields & mountains",
        "tourism": "viewpoint"
      },
      "geometry": {
        "type": "Point",
        "coordinates": [
          80.6126833,
          7.4509849
        ]
      },
      "id": "node/11628632970"
    },
    {
      "type": "Feature",
      "properties": {
        "@id": "node/11644825969",
        "tourism": "viewpoint"
      },
      "geometry": {
        "type": "Point",
        "coordinates": [
          80.7667834,
          6.9548115
        ]
      },
      "id": "node/11644825969"
    },
    {
      "type": "Feature",
      "properties": {
        "@id": "node/11644940169",
        "tourism": "viewpoint"
      },
      "geometry": {
        "type": "Point",
        "coordinates": [
          80.7539944,
          6.9738896
        ]
      },
      "id": "node/11644940169"
    },
    {
      "type": "Feature",
      "properties": {
        "@id": "node/11665339818",
        "name": "Maha Gal Amuna",
        "tourism": "attraction"
      },
      "geometry": {
        "type": "Point",
        "coordinates": [
          81.6973474,
          6.7537203
        ]
      },
      "id": "node/11665339818"
    },
    {
      "type": "Feature",
      "properties": {
        "@id": "node/11738542343",
        "direction": "90-180",
        "tourism": "viewpoint"
      },
      "geometry": {
        "type": "Point",
        "coordinates": [
          80.4547875,
          5.9441305
        ]
      },
      "id": "node/11738542343"
    },
    {
      "type": "Feature",
      "properties": {
        "@id": "node/11802067469",
        "name": "Mapagala Rock",
        "natural": "rock",
        "tourism": "viewpoint"
      },
      "geometry": {
        "type": "Point",
        "coordinates": [
          80.7574137,
          7.9500924
        ]
      },
      "id": "node/11802067469"
    },
    {
      "type": "Feature",
      "properties": {
        "@id": "node/11823906500",
        "name:en": "river view",
        "name:it": "vista fiume",
        "tourism": "viewpoint"
      },
      "geometry": {
        "type": "Point",
        "coordinates": [
          80.5955344,
          7.2751249
        ]
      },
      "id": "node/11823906500"
    },
    {
      "type": "Feature",
      "properties": {
        "@id": "node/11823912370",
        "name:en": "bats",
        "name:it": "pipistrelli",
        "tourism": "attraction"
      },
      "geometry": {
        "type": "Point",
        "coordinates": [
          80.5926362,
          7.2754595
        ]
      },
      "id": "node/11823912370"
    },
    {
      "type": "Feature",
      "properties": {
        "@id": "node/11892745469",
        "addr:postcode": "90090",
        "addr:street": "Kithalella Road",
        "internet_access": "wlan",
        "name:en": "Ella Organic Tea Garden",
        "opening_hours": "Mo-Su 09:00-13:00, 14:00-18:00",
        "phone": "+9471 134 4503",
        "tourism": "attraction",
        "website": "https://ellaorganicteagarden.schedulista.com/"
      },
      "geometry": {
        "type": "Point",
        "coordinates": [
          81.0334561,
          6.8573499
        ]
      },
      "id": "node/11892745469"
    },
    {
      "type": "Feature",
      "properties": {
        "@id": "node/12061825773",
        "name": "Balakaduwa Ella",
        "tourism": "viewpoint"
      },
      "geometry": {
        "type": "Point",
        "coordinates": [
          80.6114595,
          7.4275761
        ]
      },
      "id": "node/12061825773"
    },
    {
      "type": "Feature",
      "properties": {
        "@id": "node/12061831069",
        "name": "plantation de thé escalier",
        "tourism": "viewpoint"
      },
      "geometry": {
        "type": "Point",
        "coordinates": [
          80.6365621,
          7.1118844
        ]
      },
      "id": "node/12061831069"
    },
    {
      "type": "Feature",
      "properties": {
        "@id": "node/12184554005",
        "name": "Kokagala",
        "tourism": "viewpoint"
      },
      "geometry": {
        "type": "Point",
        "coordinates": [
          81.7211032,
          6.8823404
        ]
      },
      "id": "node/12184554005"
    },
    {
      "type": "Feature",
      "properties": {
        "@id": "node/12184556330",
        "name": "Sengamuwa Tank Viewpoint 1",
        "tourism": "viewpoint"
      },
      "geometry": {
        "type": "Point",
        "coordinates": [
          81.7568206,
          6.890873
        ]
      },
      "id": "node/12184556330"
    },
    {
      "type": "Feature",
      "properties": {
        "@id": "node/12184556331",
        "name": "Sengamuwa Tank Viewpoint 2",
        "tourism": "viewpoint"
      },
      "geometry": {
        "type": "Point",
        "coordinates": [
          81.7552084,
          6.8964927
        ]
      },
      "id": "node/12184556331"
    },
    {
      "type": "Feature",
      "properties": {
        "@id": "node/12184556709",
        "name": "Kokkatumulla",
        "tourism": "viewpoint"
      },
      "geometry": {
        "type": "Point",
        "coordinates": [
          81.7012061,
          6.9049816
        ]
      },
      "id": "node/12184556709"
    },
    {
      "type": "Feature",
      "properties": {
        "@id": "node/12184556710",
        "name": "Buruthagaha Viewpoint",
        "tourism": "viewpoint"
      },
      "geometry": {
        "type": "Point",
        "coordinates": [
          81.7052987,
          6.9010229
        ]
      },
      "id": "node/12184556710"
    },
    {
      "type": "Feature",
      "properties": {
        "@id": "node/12184556895",
        "name": "Sulupatumulla",
        "tourism": "viewpoint"
      },
      "geometry": {
        "type": "Point",
        "coordinates": [
          81.7170659,
          6.8902639
        ]
      },
      "id": "node/12184556895"
    },
    {
      "type": "Feature",
      "properties": {
        "@id": "node/12356381109",
        "entrance": "main",
        "tourism": "attraction"
      },
      "geometry": {
        "type": "Point",
        "coordinates": [
          80.5273492,
          5.9367405
        ]
      },
      "id": "node/12356381109"
    },
    {
      "type": "Feature",
      "properties": {
        "@id": "node/12478688399",
        "name": "Buddha",
        "tourism": "attraction"
      },
      "geometry": {
        "type": "Point",
        "coordinates": [
          80.6431704,
          7.3043239
        ]
      },
      "id": "node/12478688399"
    },
    {
      "type": "Feature",
      "properties": {
        "@id": "node/12499358801",
        "name:en": "Kahandamodara beach",
        "tourism": "attraction"
      },
      "geometry": {
        "type": "Point",
        "coordinates": [
          80.8757292,
          6.060401
        ]
      },
      "id": "node/12499358801"
    },
    {
      "type": "Feature",
      "properties": {
        "@id": "node/12518379540",
        "name": "Two Oceans Gateway",
        "tourism": "attraction"
      },
      "geometry": {
        "type": "Point",
        "coordinates": [
          80.718916,
          5.9613659
        ]
      },
      "id": "node/12518379540"
    },
    {
      "type": "Feature",
      "properties": {
        "@id": "node/12526403873",
        "name": "Secret Viewpoint",
        "tourism": "viewpoint"
      },
      "geometry": {
        "type": "Point",
        "coordinates": [
          81.0039914,
          6.7881097
        ]
      },
      "id": "node/12526403873"
    },
    {
      "type": "Feature",
      "properties": {
        "@id": "node/12526525965",
        "tourism": "viewpoint"
      },
      "geometry": {
        "type": "Point",
        "coordinates": [
          81.032555,
          6.7345559
        ]
      },
      "id": "node/12526525965"
    },
    {
      "type": "Feature",
      "properties": {
        "@id": "node/12536209216",
        "tourism": "viewpoint"
      },
      "geometry": {
        "type": "Point",
        "coordinates": [
          80.5493414,
          6.7999735
        ]
      },
      "id": "node/12536209216"
    },
    {
      "type": "Feature",
      "properties": {
        "@id": "node/12536209292",
        "tourism": "viewpoint"
      },
      "geometry": {
        "type": "Point",
        "coordinates": [
          80.5487058,
          6.7984627
        ]
      },
      "id": "node/12536209292"
    },
    {
      "type": "Feature",
      "properties": {
        "@id": "node/12538954552",
        "tourism": "attraction"
      },
      "geometry": {
        "type": "Point",
        "coordinates": [
          80.6417137,
          7.2951933
        ]
      },
      "id": "node/12538954552"
    },
    {
      "type": "Feature",
      "properties": {
        "@id": "node/12541884836",
        "tourism": "viewpoint"
      },
      "geometry": {
        "type": "Point",
        "coordinates": [
          80.4102554,
          7.6222995
        ]
      },
      "id": "node/12541884836"
    },
    {
      "type": "Feature",
      "properties": {
        "@id": "node/12543613879",
        "name": "Duwannagala Rock",
        "tourism": "viewpoint"
      },
      "geometry": {
        "type": "Point",
        "coordinates": [
          80.7419599,
          7.942375
        ]
      },
      "id": "node/12543613879"
    },
    {
      "type": "Feature",
      "properties": {
        "@id": "node/12543620282",
        "name": "Sunset Point",
        "tourism": "viewpoint"
      },
      "geometry": {
        "type": "Point",
        "coordinates": [
          80.7420397,
          7.9431196
        ]
      },
      "id": "node/12543620282"
    },
    {
      "type": "Feature",
      "properties": {
        "@id": "node/12545522394",
        "tourism": "viewpoint"
      },
      "geometry": {
        "type": "Point",
        "coordinates": [
          80.7447651,
          7.9613414
        ]
      },
      "id": "node/12545522394"
    },
    {
      "type": "Feature",
      "properties": {
        "@id": "node/12553400286",
        "attraction": "animal",
        "name": "Deer Park",
        "tourism": "attraction"
      },
      "geometry": {
        "type": "Point",
        "coordinates": [
          81.2380818,
          8.5759103
        ]
      },
      "id": "node/12553400286"
    },
    {
      "type": "Feature",
      "properties": {
        "@id": "node/12553404425",
        "name": "Lagoon",
        "tourism": "viewpoint"
      },
      "geometry": {
        "type": "Point",
        "coordinates": [
          81.1838639,
          8.6828167
        ]
      },
      "id": "node/12553404425"
    },
    {
      "type": "Feature",
      "properties": {
        "@id": "node/12553788693",
        "tourism": "viewpoint"
      },
      "geometry": {
        "type": "Point",
        "coordinates": [
          80.5125653,
          8.3513469
        ]
      },
      "id": "node/12553788693"
    },
    {
      "type": "Feature",
      "properties": {
        "@id": "node/12555910479",
        "tourism": "viewpoint"
      },
      "geometry": {
        "type": "Point",
        "coordinates": [
          80.5157163,
          8.3538666
        ]
      },
      "id": "node/12555910479"
    },
    {
      "type": "Feature",
      "properties": {
        "@id": "node/12556676308",
        "tourism": "viewpoint"
      },
      "geometry": {
        "type": "Point",
        "coordinates": [
          80.7575197,
          7.9646354
        ]
      },
      "id": "node/12556676308"
    },
    {
      "type": "Feature",
      "properties": {
        "@id": "node/12558913601",
        "tourism": "attraction"
      },
      "geometry": {
        "type": "Point",
        "coordinates": [
          80.9942632,
          7.9255718
        ]
      },
      "id": "node/12558913601"
    },
    {
      "type": "Feature",
      "properties": {
        "@id": "node/12558913801",
        "name": "Kumara Pokuna",
        "tourism": "attraction"
      },
      "geometry": {
        "type": "Point",
        "coordinates": [
          81.0024224,
          7.9421856
        ]
      },
      "id": "node/12558913801"
    },
    {
      "type": "Feature",
      "properties": {
        "@id": "node/12564902907",
        "tourism": "viewpoint"
      },
      "geometry": {
        "type": "Point",
        "coordinates": [
          80.4083974,
          7.6207075
        ]
      },
      "id": "node/12564902907"
    },
    {
      "type": "Feature",
      "properties": {
        "@id": "node/12564912116",
        "tourism": "viewpoint"
      },
      "geometry": {
        "type": "Point",
        "coordinates": [
          80.410698,
          7.6219978
        ]
      },
      "id": "node/12564912116"
    },
    {
      "type": "Feature",
      "properties": {
        "@id": "node/12564912459",
        "name": "Peak",
        "tourism": "attraction"
      },
      "geometry": {
        "type": "Point",
        "coordinates": [
          80.3911581,
          7.6616354
        ]
      },
      "id": "node/12564912459"
    },
    {
      "type": "Feature",
      "properties": {
        "@id": "node/12566156399",
        "tourism": "attraction"
      },
      "geometry": {
        "type": "Point",
        "coordinates": [
          80.7772697,
          6.7632371
        ]
      },
      "id": "node/12566156399"
    },
    {
      "type": "Feature",
      "properties": {
        "@id": "node/12566216772",
        "name": "Adam's Peak View",
        "tourism": "attraction"
      },
      "geometry": {
        "type": "Point",
        "coordinates": [
          80.8055421,
          6.8235276
        ]
      },
      "id": "node/12566216772"
    },
    {
      "type": "Feature",
      "properties": {
        "@id": "node/12568297699",
        "name": "Mahaveli River Source Stream",
        "tourism": "attraction"
      },
      "geometry": {
        "type": "Point",
        "coordinates": [
          80.7930821,
          6.817415
        ]
      },
      "id": "node/12568297699"
    },
    {
      "type": "Feature",
      "properties": {
        "@id": "node/12568464423",
        "name": "Awesome Beach and Dunes",
        "natural": "beach",
        "tourism": "attraction"
      },
      "geometry": {
        "type": "Point",
        "coordinates": [
          79.7332496,
          8.2316679
        ]
      },
      "id": "node/12568464423"
    },
    {
      "type": "Feature",
      "properties": {
        "@id": "node/12578799904",
        "name": "Donkey Clinic and education centre",
        "opening_hours": "Mo-Su 09:00-16:30",
        "phone": "+94712635444",
        "tourism": "attraction"
      },
      "geometry": {
        "type": "Point",
        "coordinates": [
          79.8477027,
          9.0535636
        ]
      },
      "id": "node/12578799904"
    },
    {
      "type": "Feature",
      "properties": {
        "@id": "node/12578912787",
        "name": "Black Bridge",
        "tourism": "attraction"
      },
      "geometry": {
        "type": "Point",
        "coordinates": [
          80.8334106,
          6.8226545
        ]
      },
      "id": "node/12578912787"
    },
    {
      "type": "Feature",
      "properties": {
        "@id": "node/12581444301",
        "tourism": "viewpoint"
      },
      "geometry": {
        "type": "Point",
        "coordinates": [
          80.9671842,
          6.7635705
        ]
      },
      "id": "node/12581444301"
    },
    {
      "type": "Feature",
      "properties": {
        "@id": "node/12592876801",
        "name": "Comunity Based Tourism Office",
        "tourism": "attraction"
      },
      "geometry": {
        "type": "Point",
        "coordinates": [
          80.750841,
          8.0401961
        ]
      },
      "id": "node/12592876801"
    },
    {
      "type": "Feature",
      "properties": {
        "@id": "node/12612594205",
        "name": "Pekoe Trail Start Stage 9",
        "tourism": "attraction"
      },
      "geometry": {
        "type": "Point",
        "coordinates": [
          80.6778261,
          6.7970076
        ]
      },
      "id": "node/12612594205"
    },
    {
      "type": "Feature",
      "properties": {
        "@id": "node/12612594303",
        "name": "Pekoe Trail Start Stage 8",
        "tourism": "attraction"
      },
      "geometry": {
        "type": "Point",
        "coordinates": [
          80.6140831,
          6.8368799
        ]
      },
      "id": "node/12612594303"
    },
    {
      "type": "Feature",
      "properties": {
        "@id": "node/12615568002",
        "name": "Pekoe Trail Stage 6 Start Point",
        "tourism": "attraction"
      },
      "geometry": {
        "type": "Point",
        "coordinates": [
          80.6175576,
          6.9269317
        ]
      },
      "id": "node/12615568002"
    },
    {
      "type": "Feature",
      "properties": {
        "@id": "node/12618488649",
        "name": "Hanging bridge",
        "tourism": "attraction"
      },
      "geometry": {
        "type": "Point",
        "coordinates": [
          80.1638348,
          8.7510717
        ]
      },
      "id": "node/12618488649"
    },
    {
      "type": "Feature",
      "properties": {
        "@id": "node/12625263101",
        "name:en": "Tsunami Photo Museum Telwatta",
        "tourism": "museum"
      },
      "geometry": {
        "type": "Point",
        "coordinates": [
          80.0874864,
          6.1691278
        ]
      },
      "id": "node/12625263101"
    },
    {
      "type": "Feature",
      "properties": {
        "@id": "node/12629721501",
        "tourism": "viewpoint"
      },
      "geometry": {
        "type": "Point",
        "coordinates": [
          80.6279857,
          7.2519031
        ]
      },
      "id": "node/12629721501"
    },
    {
      "type": "Feature",
      "properties": {
        "@id": "node/12629721602",
        "name": "Amazing view of waterfall  and tea plantations",
        "tourism": "viewpoint"
      },
      "geometry": {
        "type": "Point",
        "coordinates": [
          80.7059241,
          7.0564054
        ]
      },
      "id": "node/12629721602"
    },
    {
      "type": "Feature",
      "properties": {
        "@id": "node/12629721603",
        "name": "Incredible view of waterfall and tea plantations",
        "tourism": "viewpoint"
      },
      "geometry": {
        "type": "Point",
        "coordinates": [
          80.7052686,
          7.056769
        ]
      },
      "id": "node/12629721603"
    },
    {
      "type": "Feature",
      "properties": {
        "@id": "node/12629721901",
        "name": "Beautyful view point over tea plantations",
        "tourism": "viewpoint"
      },
      "geometry": {
        "type": "Point",
        "coordinates": [
          81.0143378,
          6.7848669
        ]
      },
      "id": "node/12629721901"
    },
    {
      "type": "Feature",
      "properties": {
        "@id": "node/12629722001",
        "name": "Mawella beach",
        "tourism": "viewpoint"
      },
      "geometry": {
        "type": "Point",
        "coordinates": [
          80.7461264,
          5.9954466
        ]
      },
      "id": "node/12629722001"
    },
    {
      "type": "Feature",
      "properties": {
        "@id": "node/12728152333",
        "tourism": "viewpoint"
      },
      "geometry": {
        "type": "Point",
        "coordinates": [
          81.0316032,
          6.733252
        ]
      },
      "id": "node/12728152333"
    },
    {
      "type": "Feature",
      "properties": {
        "@id": "node/12770414401",
        "addr:housenumber": "200",
        "addr:street": "Jaffna - Kandy Road",
        "name": "Paramount Spice Garden",
        "tourism": "attraction"
      },
      "geometry": {
        "type": "Point",
        "coordinates": [
          80.626484,
          7.5808782
        ]
      },
      "id": "node/12770414401"
    },
    {
      "type": "Feature",
      "properties": {
        "@id": "node/12775885901",
        "name:en": "Wakeboard",
        "tourism": "attraction"
      },
      "geometry": {
        "type": "Point",
        "coordinates": [
          79.7439173,
          8.2339207
        ]
      },
      "id": "node/12775885901"
    },
    {
      "type": "Feature",
      "properties": {
        "@id": "node/12777802101",
        "name": "Stilt fishermen",
        "tourism": "attraction"
      },
      "geometry": {
        "type": "Point",
        "coordinates": [
          80.3544967,
          5.9754302
        ]
      },
      "id": "node/12777802101"
    },
    {
      "type": "Feature",
      "properties": {
        "@id": "node/12777802301",
        "name": "Stilt fishermen",
        "tourism": "attraction"
      },
      "geometry": {
        "type": "Point",
        "coordinates": [
          80.397726,
          5.9610609
        ]
      },
      "id": "node/12777802301"
    },
    {
      "type": "Feature",
      "properties": {
        "@id": "node/12985877732",
        "name": "Mailavillu Viewpoint",
        "tourism": "viewpoint"
      },
      "geometry": {
        "type": "Point",
        "coordinates": [
          79.898995,
          8.5086146
        ]
      },
      "id": "node/12985877732"
    },
    {
      "type": "Feature",
      "properties": {
        "@id": "node/12986132305",
        "name": "Crocodile Watching",
        "tourism": "viewpoint"
      },
      "geometry": {
        "type": "Point",
        "coordinates": [
          79.883527,
          8.4718466
        ]
      },
      "id": "node/12986132305"
    },
    {
      "type": "Feature",
      "properties": {
        "@id": "node/12986132308",
        "direction": "Beautiful Rock Formations",
        "tourism": "viewpoint"
      },
      "geometry": {
        "type": "Point",
        "coordinates": [
          79.8729893,
          8.5381944
        ]
      },
      "id": "node/12986132308"
    },
    {
      "type": "Feature",
      "properties": {
        "@id": "node/12992062699",
        "name": "Bat Watching",
        "tourism": "viewpoint"
      },
      "geometry": {
        "type": "Point",
        "coordinates": [
          79.9244528,
          8.5652761
        ]
      },
      "id": "node/12992062699"
    },
    {
      "type": "Feature",
      "properties": {
        "@id": "node/12992118685",
        "name": "Kala Oya Suspension Bridge",
        "tourism": "attraction"
      },
      "geometry": {
        "type": "Point",
        "coordinates": [
          79.8854399,
          8.2917466
        ]
      },
      "id": "node/12992118685"
    },
    {
      "type": "Feature",
      "properties": {
        "@id": "node/12992118686",
        "name": "Bathing Place",
        "tourism": "attraction"
      },
      "geometry": {
        "type": "Point",
        "coordinates": [
          79.8841371,
          8.2913183
        ]
      },
      "id": "node/12992118686"
    },
    {
      "type": "Feature",
      "properties": {
        "@id": "node/13011179161",
        "name": "Good Market fair trade and organic market",
        "opening_hours": "Sa 08:00-12:00",
        "reservation": "no",
        "tourism": "attraction"
      },
      "geometry": {
        "type": "Point",
        "coordinates": [
          79.8644793,
          6.9061323
        ]
      },
      "id": "node/13011179161"
    },
    {
      "type": "Feature",
      "properties": {
        "@id": "node/13013330801",
        "tourism": "viewpoint"
      },
      "geometry": {
        "type": "Point",
        "coordinates": [
          80.912423,
          6.7702758
        ]
      },
      "id": "node/13013330801"
    },
    {
      "type": "Feature",
      "properties": {
        "@id": "node/13015138701",
        "name:en": "Railway Viewpoint",
        "tourism": "viewpoint"
      },
      "geometry": {
        "type": "Point",
        "coordinates": [
          80.9117042,
          6.777803
        ]
      },
      "id": "node/13015138701"
    },
    {
      "type": "Feature",
      "properties": {
        "@id": "node/13015267801",
        "name:en": "Idalgashina Kandaura Bend Viewpoint",
        "tourism": "viewpoint"
      },
      "geometry": {
        "type": "Point",
        "coordinates": [
          80.8947696,
          6.7799128
        ]
      },
      "id": "node/13015267801"
    },
    {
      "type": "Feature",
      "properties": {
        "@id": "node/13015383201",
        "tourism": "viewpoint"
      },
      "geometry": {
        "type": "Point",
        "coordinates": [
          80.8893019,
          6.7791042
        ]
      },
      "id": "node/13015383201"
    },
    {
      "type": "Feature",
      "properties": {
        "@id": "node/13022382601",
        "name": "Elephant cruelty",
        "tourism": "attraction"
      },
      "geometry": {
        "type": "Point",
        "coordinates": [
          80.7537721,
          7.9513664
        ]
      },
      "id": "node/13022382601"
    },
    {
      "type": "Feature",
      "properties": {
        "@id": "node/13031944789",
        "amenity": "place_of_worship",
        "name:en": "Punchi Sri Padaya Viewpoint",
        "religion": "buddhist",
        "tourism": "viewpoint"
      },
      "geometry": {
        "type": "Point",
        "coordinates": [
          80.2295434,
          6.1266825
        ]
      },
      "id": "node/13031944789"
    },
    {
      "type": "Feature",
      "properties": {
        "@id": "node/13070317901",
        "name": "Nice Viewpoint",
        "tourism": "viewpoint"
      },
      "geometry": {
        "type": "Point",
        "coordinates": [
          80.7078815,
          7.0425266
        ]
      },
      "id": "node/13070317901"
    },
    {
      "type": "Feature",
      "properties": {
        "@id": "node/13076684157",
        "name": "Thomas Seat",
        "tourism": "viewpoint"
      },
      "geometry": {
        "type": "Point",
        "coordinates": [
          80.9390668,
          6.7666726
        ]
      },
      "id": "node/13076684157"
    },
    {
      "type": "Feature",
      "properties": {
        "@id": "node/13098242452",
        "name": "Infinity Pool",
        "source": "https://www.attractionsinsrilanka.com/travel-directory/knuckles-infinity-pool/",
        "tourism": "attraction"
      },
      "geometry": {
        "type": "Point",
        "coordinates": [
          80.7979849,
          7.464449
        ]
      },
      "id": "node/13098242452"
    },
    {
      "type": "Feature",
      "properties": {
        "@id": "node/13098268804",
        "name": "Dumbara Ella Falls and Pool",
        "name:si": "දුම්බර ඇල්ල",
        "source": "https://amazinglanka.com/wp/dumbara-ella/",
        "tourism": "attraction"
      },
      "geometry": {
        "type": "Point",
        "coordinates": [
          80.791555,
          7.4701126
        ]
      },
      "id": "node/13098268804"
    },
    {
      "type": "Feature",
      "properties": {
        "@id": "node/13166897637",
        "name": "Madu River Safari No 07",
        "tourism": "attraction"
      },
      "geometry": {
        "type": "Point",
        "coordinates": [
          80.0382751,
          6.2736394
        ]
      },
      "id": "node/13166897637"
    },
    {
      "type": "Feature",
      "properties": {
        "@id": "node/13227585502",
        "tourism": "viewpoint"
      },
      "geometry": {
        "type": "Point",
        "coordinates": [
          81.4978013,
          6.3439602
        ]
      },
      "id": "node/13227585502"
    },
    {
      "type": "Feature",
      "properties": {
        "@id": "node/13233966301",
        "name": "Train Viewpoint",
        "tourism": "viewpoint"
      },
      "geometry": {
        "type": "Point",
        "coordinates": [
          79.8599153,
          6.928196
        ]
      },
      "id": "node/13233966301"
    },
    {
      "type": "Feature",
      "properties": {
        "@id": "node/13428292423",
        "name": "Waterfall",
        "tourism": "viewpoint"
      },
      "geometry": {
        "type": "Point",
        "coordinates": [
          81.0443542,
          6.8658202
        ]
      },
      "id": "node/13428292423"
    },
    {
      "type": "Feature",
      "properties": {
        "@id": "node/13445797001",
        "tourism": "viewpoint"
      },
      "geometry": {
        "type": "Point",
        "coordinates": [
          80.648388,
          7.8479318
        ]
      },
      "id": "node/13445797001"
    },
    {
      "type": "Feature",
      "properties": {
        "@id": "node/13447787901",
        "tourism": "viewpoint"
      },
      "geometry": {
        "type": "Point",
        "coordinates": [
          80.7824526,
          8.0940086
        ]
      },
      "id": "node/13447787901"
    },
    {
      "type": "Feature",
      "properties": {
        "@id": "node/13476261628",
        "image": "https://photos.app.goo.gl/wq6PyTUxbNspadSm8",
        "tourism": "viewpoint"
      },
      "geometry": {
        "type": "Point",
        "coordinates": [
          80.4452992,
          5.9466305
        ]
      },
      "id": "node/13476261628"
    },
    {
      "type": "Feature",
      "properties": {
        "@id": "node/13476261682",
        "image": "https://photos.app.goo.gl/hF26AruF4Az8PYMW9",
        "tourism": "viewpoint"
      },
      "geometry": {
        "type": "Point",
        "coordinates": [
          80.4471639,
          5.9462782
        ]
      },
      "id": "node/13476261682"
    },
    {
      "type": "Feature",
      "properties": {
        "@id": "node/13482575543",
        "image": "https://photos.app.goo.gl/fFPRBMqRR3PLcgZc6",
        "tourism": "viewpoint"
      },
      "geometry": {
        "type": "Point",
        "coordinates": [
          80.2428567,
          6.0063667
        ]
      },
      "id": "node/13482575543"
    },
    {
      "type": "Feature",
      "properties": {
        "@id": "node/13483904060",
        "tourism": "viewpoint"
      },
      "geometry": {
        "type": "Point",
        "coordinates": [
          80.501489,
          6.949633
        ]
      },
      "id": "node/13483904060"
    },
    {
      "type": "Feature",
      "properties": {
        "@id": "node/13503575633",
        "tourism": "viewpoint",
        "url": "https://youtu.be/xxzrIKn96_g"
      },
      "geometry": {
        "type": "Point",
        "coordinates": [
          80.4476066,
          5.9448619
        ]
      },
      "id": "node/13503575633"
    },
    {
      "type": "Feature",
      "properties": {
        "@id": "node/13505046725",
        "name": "Giants Footprint",
        "tourism": "attraction"
      },
      "geometry": {
        "type": "Point",
        "coordinates": [
          79.6581539,
          9.5180455
        ]
      },
      "id": "node/13505046725"
    },
    {
      "type": "Feature",
      "properties": {
        "@id": "node/13514161799",
        "image": "https://photos.app.goo.gl/pxoiTNpsucvqBgnT8",
        "tourism": "viewpoint"
      },
      "geometry": {
        "type": "Point",
        "coordinates": [
          79.786365,
          7.6070574
        ]
      },
      "id": "node/13514161799"
    },
    {
      "type": "Feature",
      "properties": {
        "@id": "node/13540678360",
        "direction": "90",
        "tourism": "viewpoint"
      },
      "geometry": {
        "type": "Point",
        "coordinates": [
          80.6298383,
          7.2587646
        ]
      },
      "id": "node/13540678360"
    },
    {
      "type": "Feature",
      "properties": {
        "@id": "node/13540678365",
        "direction": "100",
        "tourism": "viewpoint"
      },
      "geometry": {
        "type": "Point",
        "coordinates": [
          80.6289934,
          7.2562688
        ]
      },
      "id": "node/13540678365"
    },
    {
      "type": "Feature",
      "properties": {
        "@id": "node/13568837501",
        "name:en": "10 th mile post",
        "tourism": "viewpoint"
      },
      "geometry": {
        "type": "Point",
        "coordinates": [
          81.0447497,
          6.8010956
        ]
      },
      "id": "node/13568837501"
    },
    {
      "type": "Feature",
      "properties": {
        "@id": "node/13568837601",
        "name:en": "Mapitiya",
        "tourism": "viewpoint"
      },
      "geometry": {
        "type": "Point",
        "coordinates": [
          81.0477409,
          6.8000735
        ]
      },
      "id": "node/13568837601"
    },
    {
      "type": "Feature",
      "properties": {
        "@id": "node/13568837702",
        "name:en": "Luda Ella",
        "tourism": "viewpoint"
      },
      "geometry": {
        "type": "Point",
        "coordinates": [
          81.0341898,
          6.7423778
        ]
      },
      "id": "node/13568837702"
    },
    {
      "type": "Feature",
      "properties": {
        "@id": "node/13568837901",
        "name:en": "Elephant watching viewpoint",
        "tourism": "viewpoint"
      },
      "geometry": {
        "type": "Point",
        "coordinates": [
          81.0561395,
          6.7630858
        ]
      },
      "id": "node/13568837901"
    },
    {
      "type": "Feature",
      "properties": {
        "@id": "node/13568838001",
        "name:en": "Twin coconut tree swing",
        "tourism": "attraction"
      },
      "geometry": {
        "type": "Point",
        "coordinates": [
          80.6848929,
          5.9599002
        ]
      },
      "id": "node/13568838001"
    },
    {
      "type": "Feature",
      "properties": {
        "@id": "node/13570488105",
        "name": "Archaeological museum",
        "tourism": "museum"
      },
      "geometry": {
        "type": "Point",
        "coordinates": [
          80.3895529,
          8.333969
        ]
      },
      "id": "node/13570488105"
    },
    {
      "type": "Feature",
      "properties": {
        "@id": "node/13615916728",
        "tourism": "viewpoint"
      },
      "geometry": {
        "type": "Point",
        "coordinates": [
          79.9100575,
          6.8957958
        ]
      },
      "id": "node/13615916728"
    }
  ]
}